,Unnamed: 0,Fuel,T(K),T_Error(%),P(atm),P_Error(%),Fuel(%),Oxidizer(%),Diluant(%),Equv(phi),Diluant Type,Time(μs),Mode_of_measurement,Species_name,Species_measurement_Error,Measured_wavelength(nm),Shocktube_dia(cm),Research_group,Data_Source,Primary_C,Secondary_C,Tertiary_C,Quaternary_C,Other_Atom,P_P,P_S,P_T,P_Q,S_S,S_T,S_Q,T_T,T_Q,Q_Q,P_H,S_H,T_H,label
189,323,CCCCCCCCCCCC,1127,±1,6.12,±9.3,0.6844,21.0,78.3156,0.6,N2,797,Speceis,CH,,430.0,15.3,Stanford,aerosol_shock_tube / aerosol_shock_tube_low pressure / Second_generation_confo / Second_Generation_shock_tube ,2,10,,,,0,2,0,0,9,0,0,0,0,0,6,20,0,2
190,324,CCCCCCCCCCCC,1050,±1,7.88,±9.3,0.9365,21.0,78.0635,0.82,N2,1034,Speceis,CH,,430.0,15.3,Stanford,aerosol_shock_tube / aerosol_shock_tube_low pressure / Second_generation_confo / Second_Generation_shock_tube ,2,10,,,,0,2,0,0,9,0,0,0,0,0,6,20,0,2
191,325,CCCCCCCCCCCC,1084,±1,8.02,±9.3,0.7871,21.0,78.2129,0.69,N2,738,Speceis,CH,,430.0,15.3,Stanford,aerosol_shock_tube / aerosol_shock_tube_low pressure / Second_generation_confo / Second_Generation_shock_tube ,2,10,,,,0,2,0,0,9,0,0,0,0,0,6,20,0,2
192,326,CCCCCCCCCCCC,1114,±1,8.5,±9.3,0.6885,21.0,78.3115,0.61,N2,640,Speceis,CH,,430.0,15.3,Stanford,aerosol_shock_tube / aerosol_shock_tube_low pressure / Second_generation_confo / Second_Generation_shock_tube ,2,10,,,,0,2,0,0,9,0,0,0,0,0,6,20,0,2
193,327,CCCCCCCCCCCC,1179,±1,8.53,±9.3,0.9497,21.0,78.0503,0.84,N2,220,Speceis,CH,,430.0,15.3,Stanford,aerosol_shock_tube / aerosol_shock_tube_low pressure / Second_generation_confo / Second_Generation_shock_tube ,2,10,,,,0,2,0,0,9,0,0,0,0,0,6,20,0,2
194,328,CCCCCCCCCCCC,1167,±1,7.88,±9.3,1.0246,21.0,77.9754,0.9,N2,215,Speceis,CH,,430.0,15.3,Stanford,aerosol_shock_tube / aerosol_shock_tube_low pressure / Second_generation_confo / Second_Generation_shock_tube ,2,10,,,,0,2,0,0,9,0,0,0,0,0,6,20,0,2
195,329,CCCCCCCCCCCC,1168,±1,6.37,±9.3,0.7339,21.0,78.2661,0.65,Ar,484,Speceis,CH,,430.0,15.3,Stanford,aerosol_shock_tube / aerosol_shock_tube_low pressure / Second_generation_confo / Second_Generation_shock_tube ,2,10,,,,0,2,0,0,9,0,0,0,0,0,6,20,0,2
196,330,CCCCCCCCCCCC,1209,±1,4.64,±9.3,0.18600000000000003,21.0,78.814,0.16,Ar,926,Speceis,CH,,430.0,15.3,Stanford,aerosol_shock_tube / aerosol_shock_tube_low pressure / Second_generation_confo / Second_Generation_shock_tube ,2,10,,,,0,2,0,0,9,0,0,0,0,0,6,20,0,2
197,331,CCCCCCCCCCCC,1163,±1,4.93,±9.3,0.2534,21.0,78.7466,0.22,Ar,1800,Speceis,CH,,430.0,15.3,Stanford,aerosol_shock_tube / aerosol_shock_tube_low pressure / Second_generation_confo / Second_Generation_shock_tube ,2,10,,,,0,2,0,0,9,0,0,0,0,0,6,20,0,2
198,332,CCCCCCCCCCCC,1192,±1,5.06,±9.3,0.3437,21.0,78.6563,0.3,Ar,1110,Speceis,CH,,430.0,15.3,Stanford,aerosol_shock_tube / aerosol_shock_tube_low pressure / Second_generation_confo / Second_Generation_shock_tube ,2,10,,,,0,2,0,0,9,0,0,0,0,0,6,20,0,2
199,333,CCCCCCCCCCCC,1078,±1,4.0,±9.3,0.2074,21.0,78.7926,0.18,Ar,5605,Speceis,CH,,430.0,15.3,Stanford,aerosol_shock_tube / aerosol_shock_tube_low pressure / Second_generation_confo / Second_Generation_shock_tube ,2,10,,,,0,2,0,0,9,0,0,0,0,0,6,20,0,2
200,334,CCCCCCCCCCCC,976,±1,4.87,±9.3,0.4056,21.0,78.5944,0.36,Ar,6220,Speceis,CH,,430.0,15.3,Stanford,aerosol_shock_tube / aerosol_shock_tube_low pressure / Second_generation_confo / Second_Generation_shock_tube ,2,10,,,,0,2,0,0,9,0,0,0,0,0,6,20,0,2
201,335,CCCCCCCCCCCC,903,±1,5.0,±9.3,0.9297,21.0,78.0703,0.82,Ar,7825,Speceis,CH,,430.0,15.3,Stanford,aerosol_shock_tube / aerosol_shock_tube_low pressure / Second_generation_confo / Second_Generation_shock_tube ,2,10,,,,0,2,0,0,9,0,0,0,0,0,6,20,0,2
202,336,CCCCCCCCCCCC,1241,±1,4.79,±9.3,0.3488,21.0,78.6512,0.31,Ar,337,Speceis,CH,,430.0,15.3,Stanford,aerosol_shock_tube / aerosol_shock_tube_low pressure / Second_generation_confo / Second_Generation_shock_tube ,2,10,,,,0,2,0,0,9,0,0,0,0,0,6,20,0,2
203,337,CCCCCCCCCCCC,1351,±1,4.51,±9.3,0.2064,21.0,78.7936,0.18,Ar,233,Speceis,CH,,430.0,15.3,Stanford,aerosol_shock_tube / aerosol_shock_tube_low pressure / Second_generation_confo / Second_Generation_shock_tube ,2,10,,,,0,2,0,0,9,0,0,0,0,0,6,20,0,2
204,338,CCCCCCCCCCCC,979,±1,5.04,±9.3,2.138,21.0,76.862,1.88,Ar,306,Speceis,CH,,430.0,15.3,Stanford,aerosol_shock_tube / aerosol_shock_tube_low pressure / Second_generation_confo / Second_Generation_shock_tube ,2,10,,,,0,2,0,0,9,0,0,0,0,0,6,20,0,2
205,339,CCCCCCCCCCCC,1025,±1,6.06,±9.3,1.659,21.0,77.34100000000001,1.46,Ar,543,Speceis,CH,,430.0,15.3,Stanford,aerosol_shock_tube / aerosol_shock_tube_low pressure / Second_generation_confo / Second_Generation_shock_tube ,2,10,,,,0,2,0,0,9,0,0,0,0,0,6,20,0,2
206,340,CCCCCCCCCCCC,988,±1,6.46,±9.3,1.99,21.0,77.01,1.75,Ar,260,Speceis,CH,,430.0,15.3,Stanford,aerosol_shock_tube / aerosol_shock_tube_low pressure / Second_generation_confo / Second_Generation_shock_tube ,2,10,,,,0,2,0,0,9,0,0,0,0,0,6,20,0,2
207,341,CCCCCCCCCCCC,1112,±1,5.65,±9.3,0.1905,21.0,78.8095,0.17,Ar,2281,Speceis,CH,,430.0,15.3,Stanford,aerosol_shock_tube / aerosol_shock_tube_low pressure / Second_generation_confo / Second_Generation_shock_tube ,2,10,,,,0,2,0,0,9,0,0,0,0,0,6,20,0,2
208,342,CCCCCCCCCCCC,838,±1,6.26,±9.3,1.504,21.0,77.49600000000001,1.32,Ar,5352,Speceis,CH,,430.0,15.3,Stanford,aerosol_shock_tube / aerosol_shock_tube_low pressure / Second_generation_confo / Second_Generation_shock_tube ,2,10,,,,0,2,0,0,9,0,0,0,0,0,6,20,0,2
209,343,CCCCCCCCCCCC,939,±1,6.31,±9.3,1.8019999999999998,21.0,77.19800000000001,1.59,Ar,544,Speceis,CH,,430.0,15.3,Stanford,aerosol_shock_tube / aerosol_shock_tube_low pressure / Second_generation_confo / Second_Generation_shock_tube ,2,10,,,,0,2,0,0,9,0,0,0,0,0,6,20,0,2
210,344,CCCCCCCCCCCC,964,±1,5.82,±9.3,1.2890000000000001,21.0,77.711,1.14,Ar,1175,Speceis,CH,,430.0,15.3,Stanford,aerosol_shock_tube / aerosol_shock_tube_low pressure / Second_generation_confo / Second_Generation_shock_tube ,2,10,,,,0,2,0,0,9,0,0,0,0,0,6,20,0,2
211,345,CCCCCCCCCCCC,932,±1,6.01,±9.3,1.494,21.0,77.506,1.32,Ar,1559,Speceis,CH,,430.0,15.3,Stanford,aerosol_shock_tube / aerosol_shock_tube_low pressure / Second_generation_confo / Second_Generation_shock_tube ,2,10,,,,0,2,0,0,9,0,0,0,0,0,6,20,0,2
212,346,CCCCCCCCCCCC,1156,±1,5.34,±9.3,0.0558,21.0,78.9442,0.05,Ar,1526,Speceis,CH,,430.0,15.3,Stanford,aerosol_shock_tube / aerosol_shock_tube_low pressure / Second_generation_confo / Second_Generation_shock_tube ,2,10,,,,0,2,0,0,9,0,0,0,0,0,6,20,0,2
213,347,CCCCCCCCCCCC,1134,±1,5.2,±9.3,0.0662,21.0,78.9338,0.06,Ar,2006,Speceis,CH,,430.0,15.3,Stanford,aerosol_shock_tube / aerosol_shock_tube_low pressure / Second_generation_confo / Second_Generation_shock_tube ,2,10,,,,0,2,0,0,9,0,0,0,0,0,6,20,0,2
214,348,CCCCCCCCCCCC,1172,±1,6.19,±9.3,0.5336,21.0,78.4664,0.47,Ar,524,Speceis,CH,,430.0,15.3,Stanford,aerosol_shock_tube / aerosol_shock_tube_low pressure / Second_generation_confo / Second_Generation_shock_tube ,2,10,,,,0,2,0,0,9,0,0,0,0,0,6,20,0,2
215,349,CCCCCCCCCCCC,1191,±1,6.4,±9.3,0.589,21.0,78.411,0.52,Ar,550,Speceis,CH,,430.0,15.3,Stanford,aerosol_shock_tube / aerosol_shock_tube_low pressure / Second_generation_confo / Second_Generation_shock_tube ,2,10,,,,0,2,0,0,9,0,0,0,0,0,6,20,0,2
216,350,CCCCCCCCCCCC,1249,±1,6.23,±9.3,0.7572,21.0,78.2428,0.67,Ar,114,Speceis,CH,,430.0,15.3,Stanford,aerosol_shock_tube / aerosol_shock_tube_low pressure / Second_generation_confo / Second_Generation_shock_tube ,2,10,,,,0,2,0,0,9,0,0,0,0,0,6,20,0,2
217,351,CCCCCCCCCCCC,1284,±1,6.42,±9.3,0.8276,21.0,78.1724,0.73,Ar,80,Speceis,CH,,430.0,15.3,Stanford,aerosol_shock_tube / aerosol_shock_tube_low pressure / Second_generation_confo / Second_Generation_shock_tube ,2,10,,,,0,2,0,0,9,0,0,0,0,0,6,20,0,2
218,352,CCCCCCCCCCCC,1053,±1,6.56,±9.3,0.5649,21.0,78.4351,0.5,Ar,2105,Speceis,CH,,430.0,15.3,Stanford,aerosol_shock_tube / aerosol_shock_tube_low pressure / Second_generation_confo / Second_Generation_shock_tube ,2,10,,,,0,2,0,0,9,0,0,0,0,0,6,20,0,2
219,353,CCCCCCCCCCCC,1045,±1,6.71,±9.3,0.6098,21.0,78.3902,0.54,Ar,2753,Speceis,CH,,430.0,15.3,Stanford,aerosol_shock_tube / aerosol_shock_tube_low pressure / Second_generation_confo / Second_Generation_shock_tube ,2,10,,,,0,2,0,0,9,0,0,0,0,0,6,20,0,2
220,354,CCCCCCCCCCCC,1068,±1,6.4,±9.3,0.516,21.0,78.484,0.45,Ar,2126,Speceis,CH,,430.0,15.3,Stanford,aerosol_shock_tube / aerosol_shock_tube_low pressure / Second_generation_confo / Second_Generation_shock_tube ,2,10,,,,0,2,0,0,9,0,0,0,0,0,6,20,0,2
221,355,CCCCCCCCCCCC,1078,±1,6.32,±9.3,0.5023,21.0,78.4977,0.44,Ar,1624,Speceis,CH,,430.0,15.3,Stanford,aerosol_shock_tube / aerosol_shock_tube_low pressure / Second_generation_confo / Second_Generation_shock_tube ,2,10,,,,0,2,0,0,9,0,0,0,0,0,6,20,0,2
222,356,CCCCCCCCCCCC,1086,±1,6.32,±9.3,0.5655,21.0,78.4345,0.5,Ar,1422,Speceis,CH,,430.0,15.3,Stanford,aerosol_shock_tube / aerosol_shock_tube_low pressure / Second_generation_confo / Second_Generation_shock_tube ,2,10,,,,0,2,0,0,9,0,0,0,0,0,6,20,0,2
223,357,CCCCCCCCCCCC,1107,±1,6.25,±9.3,0.5533,21.0,78.4467,0.49,Ar,1200,Speceis,CH,,430.0,15.3,Stanford,aerosol_shock_tube / aerosol_shock_tube_low pressure / Second_generation_confo / Second_Generation_shock_tube ,2,10,,,,0,2,0,0,9,0,0,0,0,0,6,20,0,2
224,358,CCCCCCCCCCCC,1118,±1,6.18,±9.3,0.5678,21.0,78.4322,0.5,Ar,1081,Speceis,CH,,430.0,15.3,Stanford,aerosol_shock_tube / aerosol_shock_tube_low pressure / Second_generation_confo / Second_Generation_shock_tube ,2,10,,,,0,2,0,0,9,0,0,0,0,0,6,20,0,2
225,359,CCCCCCCCCCCC,1140,±1,6.07,±9.3,0.5760000000000001,21.0,78.42399999999999,0.51,Ar,820,Speceis,CH,,430.0,15.3,Stanford,aerosol_shock_tube / aerosol_shock_tube_low pressure / Second_generation_confo / Second_Generation_shock_tube ,2,10,,,,0,2,0,0,9,0,0,0,0,0,6,20,0,2
226,360,CCCCCCCCCCCC,1345,±1,5.92,±9.3,0.6297,21.0,78.3703,0.55,Ar,123,Speceis,CH,,430.0,15.3,Stanford,aerosol_shock_tube / aerosol_shock_tube_low pressure / Second_generation_confo / Second_Generation_shock_tube ,2,10,,,,0,2,0,0,9,0,0,0,0,0,6,20,0,2
227,361,CCCCCCCCCCCC,1319,±1,5.78,±9.3,0.4595,21.0,78.5405,0.4,Ar,181,Speceis,CH,,430.0,15.3,Stanford,aerosol_shock_tube / aerosol_shock_tube_low pressure / Second_generation_confo / Second_Generation_shock_tube ,2,10,,,,0,2,0,0,9,0,0,0,0,0,6,20,0,2
228,362,CCCCCCCCCCCC,1117,±1,8.09,±9.3,0.7901,21.0,78.2099,0.7,Ar,412,Speceis,CH,,430.0,15.3,Stanford,aerosol_shock_tube / aerosol_shock_tube_low pressure / Second_generation_confo / Second_Generation_shock_tube ,2,10,,,,0,2,0,0,9,0,0,0,0,0,6,20,0,2
229,363,CCCCCCCCCCCC,1124,±1,8.24,±9.3,0.6972,21.0,78.3028,0.61,Ar,702,Speceis,CH,,430.0,15.3,Stanford,aerosol_shock_tube / aerosol_shock_tube_low pressure / Second_generation_confo / Second_Generation_shock_tube ,2,10,,,,0,2,0,0,9,0,0,0,0,0,6,20,0,2
230,364,CCCCCCCCCCCC,993,±1,4.23,±9.3,0.6795,21.0,78.3205,0.6,Ar,5732,Speceis,CH,,430.0,15.3,Stanford,aerosol_shock_tube / aerosol_shock_tube_low pressure / Second_generation_confo / Second_Generation_shock_tube ,2,10,,,,0,2,0,0,9,0,0,0,0,0,6,20,0,2
231,365,CCCCCCCCCCCC,921,±1,4.86,±9.3,1.2309999999999999,21.0,77.76899999999999,1.08,Ar,6085,Speceis,CH,,430.0,15.3,Stanford,aerosol_shock_tube / aerosol_shock_tube_low pressure / Second_generation_confo / Second_Generation_shock_tube ,2,10,,,,0,2,0,0,9,0,0,0,0,0,6,20,0,2
232,366,CCCCCCCCCCCC,943,±1,5.21,±9.3,1.28,21.0,77.72,1.13,Ar,3804,Speceis,CH,,430.0,15.3,Stanford,aerosol_shock_tube / aerosol_shock_tube_low pressure / Second_generation_confo / Second_Generation_shock_tube ,2,10,,,,0,2,0,0,9,0,0,0,0,0,6,20,0,2
233,367,CCCCCCCCCCCC,932,±1,4.98,±9.3,1.24,21.0,77.76,1.09,Ar,4627,Speceis,CH,,430.0,15.3,Stanford,aerosol_shock_tube / aerosol_shock_tube_low pressure / Second_generation_confo / Second_Generation_shock_tube ,2,10,,,,0,2,0,0,9,0,0,0,0,0,6,20,0,2
234,368,CCCCCCCCCCCC,954,±1,5.05,±9.3,1.158,21.0,77.842,1.02,Ar,4169,Speceis,CH,,430.0,15.3,Stanford,aerosol_shock_tube / aerosol_shock_tube_low pressure / Second_generation_confo / Second_Generation_shock_tube ,2,10,,,,0,2,0,0,9,0,0,0,0,0,6,20,0,2
235,369,CCCCCCCCCCCC,1061,±1,4.1,±9.3,1.1159999999999999,21.0,77.884,0.98,Ar,959,Speceis,CH,,430.0,15.3,Stanford,aerosol_shock_tube / aerosol_shock_tube_low pressure / Second_generation_confo / Second_Generation_shock_tube ,2,10,,,,0,2,0,0,9,0,0,0,0,0,6,20,0,2
236,370,CCCCCCCCCCCC,1019,±1,4.36,±9.3,0.9624,21.0,78.0376,0.85,Ar,1828,Speceis,CH,,430.0,15.3,Stanford,aerosol_shock_tube / aerosol_shock_tube_low pressure / Second_generation_confo / Second_Generation_shock_tube ,2,10,,,,0,2,0,0,9,0,0,0,0,0,6,20,0,2
237,371,CCCCCCCCCCCC,976,±1,4.49,±9.3,1.0,21.0,78.0,0.88,Ar,2555,Speceis,CH,,430.0,15.3,Stanford,aerosol_shock_tube / aerosol_shock_tube_low pressure / Second_generation_confo / Second_Generation_shock_tube ,2,10,,,,0,2,0,0,9,0,0,0,0,0,6,20,0,2
238,372,CCCCCCCCCCCC,1192,±1,4.57,±9.3,0.875,21.0,78.125,0.77,Ar,246,Speceis,CH,,430.0,15.3,Stanford,aerosol_shock_tube / aerosol_shock_tube_low pressure / Second_generation_confo / Second_Generation_shock_tube ,2,10,,,,0,2,0,0,9,0,0,0,0,0,6,20,0,2
239,373,CCCCCCCCCCCC,1118,±1,4.88,±9.3,0.8929,21.0,78.1071,0.79,Ar,587,Speceis,CH,,430.0,15.3,Stanford,aerosol_shock_tube / aerosol_shock_tube_low pressure / Second_generation_confo / Second_Generation_shock_tube ,2,10,,,,0,2,0,0,9,0,0,0,0,0,6,20,0,2
240,374,CCCCCCCCCCCC,1146,±1,4.01,±9.3,0.5656,21.0,78.4344,0.5,Ar,1027,Speceis,CH,,430.0,15.3,Stanford,aerosol_shock_tube / aerosol_shock_tube_low pressure / Second_generation_confo / Second_Generation_shock_tube ,2,10,,,,0,2,0,0,9,0,0,0,0,0,6,20,0,2
241,375,CCCCCCCCCCCC,1035,±1,4.43,±9.3,0.83,21.0,78.17,0.73,Ar,1803,Speceis,CH,,430.0,15.3,Stanford,aerosol_shock_tube / aerosol_shock_tube_low pressure / Second_generation_confo / Second_Generation_shock_tube ,2,10,,,,0,2,0,0,9,0,0,0,0,0,6,20,0,2
242,376,CCCCCCCCCCCC,1003,±1,4.68,±9.3,0.742,21.0,78.258,0.65,Ar,4081,Speceis,CH,,430.0,15.3,Stanford,aerosol_shock_tube / aerosol_shock_tube_low pressure / Second_generation_confo / Second_Generation_shock_tube ,2,10,,,,0,2,0,0,9,0,0,0,0,0,6,20,0,2
243,377,CCCCCCCCCCCC,1147,±1,4.97,±9.3,1.276,21.0,77.72399999999999,1.12,Ar,357,Speceis,CH,,430.0,15.3,Stanford,aerosol_shock_tube / aerosol_shock_tube_low pressure / Second_generation_confo / Second_Generation_shock_tube ,2,10,,,,0,2,0,0,9,0,0,0,0,0,6,20,0,2
244,378,CCCCCCCCCCCC,1220,±1,8.63,±9.3,0.4879,21.0,78.5121,0.43,Ar,292,Speceis,CH,,430.0,15.3,Stanford,aerosol_shock_tube / aerosol_shock_tube_low pressure / Second_generation_confo / Second_Generation_shock_tube ,2,10,,,,0,2,0,0,9,0,0,0,0,0,6,20,0,2
245,379,CCCCCCCCCCCC,1172,±1,5.33,±9.3,0.7078,21.0,78.2922,0.62,Ar,663,Speceis,CH,,430.0,15.3,Stanford,aerosol_shock_tube / aerosol_shock_tube_low pressure / Second_generation_confo / Second_Generation_shock_tube ,2,10,,,,0,2,0,0,9,0,0,0,0,0,6,20,0,2
246,380,CCCCCCCCCCCC,1011,±1,6.57,±9.3,1.179,21.0,77.821,1.04,Ar,1100,Speceis,CH,,430.0,15.3,Stanford,aerosol_shock_tube / aerosol_shock_tube_low pressure / Second_generation_confo / Second_Generation_shock_tube ,2,10,,,,0,2,0,0,9,0,0,0,0,0,6,20,0,2
247,381,CCCCCCCCCCCC,940,±1,7.0,±9.3,1.166,21.0,77.834,1.03,Ar,2599,Speceis,CH,,430.0,15.3,Stanford,aerosol_shock_tube / aerosol_shock_tube_low pressure / Second_generation_confo / Second_Generation_shock_tube ,2,10,,,,0,2,0,0,9,0,0,0,0,0,6,20,0,2
248,382,CCCCCCCCCCCC,958,±1,6.57,±9.3,1.169,21.0,77.831,1.03,Ar,2041,Speceis,CH,,430.0,15.3,Stanford,aerosol_shock_tube / aerosol_shock_tube_low pressure / Second_generation_confo / Second_Generation_shock_tube ,2,10,,,,0,2,0,0,9,0,0,0,0,0,6,20,0,2
249,383,CCCCCCCCCCCC,921,±1,6.25,±9.3,0.9985,21.0,78.0015,0.88,Ar,5556,Speceis,CH,,430.0,15.3,Stanford,aerosol_shock_tube / aerosol_shock_tube_low pressure / Second_generation_confo / Second_Generation_shock_tube ,2,10,,,,0,2,0,0,9,0,0,0,0,0,6,20,0,2
250,384,CCCCCCCCCCCC,1037,±1,5.69,±9.3,0.5463,21.0,78.4537,0.48,Ar,2607,Speceis,CH,,430.0,15.3,Stanford,aerosol_shock_tube / aerosol_shock_tube_low pressure / Second_generation_confo / Second_Generation_shock_tube ,2,10,,,,0,2,0,0,9,0,0,0,0,0,6,20,0,2
251,385,CCCCCCCCCCCC,1049,±1,5.76,±9.3,0.5734,21.0,78.4266,0.51,Ar,2581,Speceis,CH,,430.0,15.3,Stanford,aerosol_shock_tube / aerosol_shock_tube_low pressure / Second_generation_confo / Second_Generation_shock_tube ,2,10,,,,0,2,0,0,9,0,0,0,0,0,6,20,0,2
252,386,CCCCCCCCCCCC,1126,,6.7,,0.57,21.0,78.43,0.5,N2,1069,Speceis,CH,,430.0,15.3,Stanford,n_Dodecane_Nano,2,10,,,,0,2,0,0,9,0,0,0,0,0,6,20,0,2
253,387,CCCCCCCCCCCC,1145,,6.7,,0.57,21.0,78.43,0.5,N2,605,Speceis,CH,,430.0,15.3,Stanford,n_Dodecane_Nano,2,10,,,,0,2,0,0,9,0,0,0,0,0,6,20,0,2
254,388,CCCCCCCCCCCC,1173,,6.7,,0.57,21.0,78.43,0.5,N2,475,Speceis,CH,,430.0,15.3,Stanford,n_Dodecane_Nano,2,10,,,,0,2,0,0,9,0,0,0,0,0,6,20,0,2
255,389,CCCCCCCCCCCC,1175,,6.7,,0.57,21.0,78.43,0.5,N2,675,Speceis,CH,,430.0,15.3,Stanford,n_Dodecane_Nano,2,10,,,,0,2,0,0,9,0,0,0,0,0,6,20,0,2
256,390,CCCCCCCCCCCC,1187,,7.1,,0.21,21.0,78.79,0.18,N2,793,Speceis,CH,,430.0,15.3,Stanford,n_Dodecane_Nano,2,10,,,,0,2,0,0,9,0,0,0,0,0,6,20,0,2
257,391,CCCCCCCCCCCC,1141,,6.7,,0.57,21.0,78.43,0.5,N2,680,Speceis,CH,,430.0,15.3,Stanford,n_Dodecane_Nano,2,10,,,,0,2,0,0,9,0,0,0,0,0,6,20,0,2
258,392,CCCCCCCCCCCC,1187,,6.7,,0.57,21.0,78.43,0.5,N2,395,Speceis,CH,,430.0,15.3,Stanford,n_Dodecane_Nano,2,10,,,,0,2,0,0,9,0,0,0,0,0,6,20,0,2
259,393,CCCCCCCCCCCC,1224,,6.7,,0.57,21.0,78.43,0.5,N2,253,Speceis,CH,,430.0,15.3,Stanford,n_Dodecane_Nano,2,10,,,,0,2,0,0,9,0,0,0,0,0,6,20,0,2
260,394,CCCCCCCCCCCC,1243,,7.53,,0.39,21.0,78.61,0.34,N2,130,Speceis,CH,,430.0,15.3,Stanford,n_Dodecane_Nano,2,10,,,,0,2,0,0,9,0,0,0,0,0,6,20,0,2
261,395,CCCCCCCCCCCC,1249,,6.7,,0.57,21.0,78.43,0.5,N2,84,Speceis,CH,,430.0,15.3,Stanford,n_Dodecane_Nano,2,10,,,,0,2,0,0,9,0,0,0,0,0,6,20,0,2
262,396,CCCCCCCCCCCC,1108,,6.7,,0.57,21.0,78.43,0.5,N2,1339,Speceis,CH,,430.0,15.3,Stanford,n_Dodecane_Nano,2,10,,,,0,2,0,0,9,0,0,0,0,0,6,20,0,2
263,397,CCCCCCCCCCCC,1196,,6.7,,0.57,21.0,78.43,0.5,N2,229,Speceis,CH,,430.0,15.3,Stanford,n_Dodecane_Nano,2,10,,,,0,2,0,0,9,0,0,0,0,0,6,20,0,2
264,398,CCCCCCCCCCCC,1238,,6.7,,0.57,21.0,78.43,0.5,N2,109,Speceis,CH,,430.0,15.3,Stanford,n_Dodecane_Nano,2,10,,,,0,2,0,0,9,0,0,0,0,0,6,20,0,2
293,427,CCCCCCCCCCCC,747,±1,26.0,,0.565,20.89,78.545,0.5,N2,2243,Species,OH,±5,306.0,5.0,Stanford,n_Dodecane / Vasu_2010_thesis,2,10,,,,0,2,0,0,9,0,0,0,0,0,6,20,0,2
294,428,CCCCCCCCCCCC,806,±1,25.0,,0.565,20.89,78.545,0.5,N2,1522,Species,OH,±5,306.0,5.0,Stanford,n_Dodecane / Vasu_2010_thesis,2,10,,,,0,2,0,0,9,0,0,0,0,0,6,20,0,2
295,429,CCCCCCCCCCCC,873,±1,23.1,,0.565,20.89,78.545,0.5,N2,1918,Species,OH,±5,306.0,5.0,Stanford,n_Dodecane / Vasu_2010_thesis,2,10,,,,0,2,0,0,9,0,0,0,0,0,6,20,0,2
296,430,CCCCCCCCCCCC,910,±1,22.7,,0.565,20.89,78.545,0.5,N2,2134,Species,OH,±5,306.0,5.0,Stanford,n_Dodecane / Vasu_2010_thesis,2,10,,,,0,2,0,0,9,0,0,0,0,0,6,20,0,2
297,431,CCCCCCCCCCCC,943,±1,18.1,,0.565,20.89,78.545,0.5,N2,2276,Species,OH,±5,306.0,5.0,Stanford,n_Dodecane / Vasu_2010_thesis,2,10,,,,0,2,0,0,9,0,0,0,0,0,6,20,0,2
298,432,CCCCCCCCCCCC,996,±1,20.3,,0.565,20.89,78.545,0.5,N2,1245,Species,OH,±5,306.0,5.0,Stanford,n_Dodecane / Vasu_2010_thesis,2,10,,,,0,2,0,0,9,0,0,0,0,0,6,20,0,2
299,433,CCCCCCCCCCCC,1039,±1,21.0,,0.565,20.89,78.545,0.5,N2,826,Species,OH,±5,306.0,5.0,Stanford,n_Dodecane / Vasu_2010_thesis,2,10,,,,0,2,0,0,9,0,0,0,0,0,6,20,0,2
300,434,CCCCCCCCCCCC,1049,±1,18.9,,0.565,20.89,78.545,0.5,N2,839,Species,OH,±5,306.0,5.0,Stanford,n_Dodecane / Vasu_2010_thesis,2,10,,,,0,2,0,0,9,0,0,0,0,0,6,20,0,2
301,435,CCCCCCCCCCCC,1054,±1,20.1,,0.565,20.89,78.545,0.5,N2,788,Species,OH,±5,306.0,5.0,Stanford,n_Dodecane / Vasu_2010_thesis,2,10,,,,0,2,0,0,9,0,0,0,0,0,6,20,0,2
302,436,CCCCCCCCCCCC,1082,±1,18.4,,0.565,20.89,78.545,0.5,N2,566,Species,OH,±5,306.0,5.0,Stanford,n_Dodecane / Vasu_2010_thesis,2,10,,,,0,2,0,0,9,0,0,0,0,0,6,20,0,2
303,437,CCCCCCCCCCCC,1087,±1,19.6,,0.565,20.89,78.545,0.5,N2,527,Species,OH,±5,306.0,5.0,Stanford,n_Dodecane / Vasu_2010_thesis,2,10,,,,0,2,0,0,9,0,0,0,0,0,6,20,0,2
304,438,CCCCCCCCCCCC,1117,±1,30.9,,0.565,20.89,78.545,0.5,N2,266,Species,OH,±5,306.0,5.0,Stanford,n_Dodecane / Vasu_2010_thesis,2,10,,,,0,2,0,0,9,0,0,0,0,0,6,20,0,2
305,439,CCCCCCCCCCCC,1118,±1,20.3,,0.565,20.89,78.545,0.5,N2,346,Species,OH,±5,306.0,5.0,Stanford,n_Dodecane / Vasu_2010_thesis,2,10,,,,0,2,0,0,9,0,0,0,0,0,6,20,0,2
306,440,CCCCCCCCCCCC,1149,±1,21.0,,0.565,20.89,78.545,0.5,N2,261,Species,OH,±5,306.0,5.0,Stanford,n_Dodecane / Vasu_2010_thesis,2,10,,,,0,2,0,0,9,0,0,0,0,0,6,20,0,2
307,441,CCCCCCCCCCCC,1163,±1,21.2,,0.565,20.89,78.545,0.5,N2,213,Species,OH,±5,306.0,5.0,Stanford,n_Dodecane / Vasu_2010_thesis,2,10,,,,0,2,0,0,9,0,0,0,0,0,6,20,0,2
308,442,CCCCCCCCCCCC,1177,±1,20.8,,0.565,20.89,78.545,0.5,N2,165,Species,OH,±5,306.0,5.0,Stanford,n_Dodecane / Vasu_2010_thesis,2,10,,,,0,2,0,0,9,0,0,0,0,0,6,20,0,2
309,443,CCCCCCCCCCCC,727,±1,27.0,,1.123,20.77,78.107,1.0,N2,809,Species,OH,±5,306.0,5.0,Stanford,n_Dodecane / Vasu_2010_thesis,2,10,,,,0,2,0,0,9,0,0,0,0,0,6,20,0,2
310,444,CCCCCCCCCCCC,773,±1,28.7,,1.123,20.77,78.107,1.0,N2,556,Species,OH,±5,306.0,5.0,Stanford,n_Dodecane / Vasu_2010_thesis,2,10,,,,0,2,0,0,9,0,0,0,0,0,6,20,0,2
311,445,CCCCCCCCCCCC,818,±1,26.9,,1.123,20.77,78.107,1.0,N2,881,Species,OH,±5,306.0,5.0,Stanford,n_Dodecane / Vasu_2010_thesis,2,10,,,,0,2,0,0,9,0,0,0,0,0,6,20,0,2
312,446,CCCCCCCCCCCC,822,±1,23.3,,1.123,20.77,78.107,1.0,N2,805,Species,OH,±5,306.0,5.0,Stanford,n_Dodecane / Vasu_2010_thesis,2,10,,,,0,2,0,0,9,0,0,0,0,0,6,20,0,2
313,447,CCCCCCCCCCCC,855,±1,25.9,,1.123,20.77,78.107,1.0,N2,875,Species,OH,±5,306.0,5.0,Stanford,n_Dodecane / Vasu_2010_thesis,2,10,,,,0,2,0,0,9,0,0,0,0,0,6,20,0,2
314,448,CCCCCCCCCCCC,869,±1,22.5,,1.123,20.77,78.107,1.0,N2,1040,Species,OH,±5,306.0,5.0,Stanford,n_Dodecane / Vasu_2010_thesis,2,10,,,,0,2,0,0,9,0,0,0,0,0,6,20,0,2
315,449,CCCCCCCCCCCC,907,±1,23.4,,1.123,20.77,78.107,1.0,N2,1081,Species,OH,±5,306.0,5.0,Stanford,n_Dodecane / Vasu_2010_thesis,2,10,,,,0,2,0,0,9,0,0,0,0,0,6,20,0,2
316,450,CCCCCCCCCCCC,942,±1,21.0,,1.123,20.77,78.107,1.0,N2,1116,Species,OH,±5,306.0,5.0,Stanford,n_Dodecane / Vasu_2010_thesis,2,10,,,,0,2,0,0,9,0,0,0,0,0,6,20,0,2
317,451,CCCCCCCCCCCC,953,±1,20.0,,1.123,20.77,78.107,1.0,N2,1141,Species,OH,±5,306.0,5.0,Stanford,n_Dodecane / Vasu_2010_thesis,2,10,,,,0,2,0,0,9,0,0,0,0,0,6,20,0,2
318,452,CCCCCCCCCCCC,957,±1,19.8,,1.123,20.77,78.107,1.0,N2,1064,Species,OH,±5,306.0,5.0,Stanford,n_Dodecane / Vasu_2010_thesis,2,10,,,,0,2,0,0,9,0,0,0,0,0,6,20,0,2
319,453,CCCCCCCCCCCC,976,±1,20.5,,1.123,20.77,78.107,1.0,N2,800,Species,OH,±5,306.0,5.0,Stanford,n_Dodecane / Vasu_2010_thesis,2,10,,,,0,2,0,0,9,0,0,0,0,0,6,20,0,2
320,454,CCCCCCCCCCCC,978,±1,22.9,,1.123,20.77,78.107,1.0,N2,912,Species,OH,±5,306.0,5.0,Stanford,n_Dodecane / Vasu_2010_thesis,2,10,,,,0,2,0,0,9,0,0,0,0,0,6,20,0,2
321,455,CCCCCCCCCCCC,987,±1,22.0,,1.123,20.77,78.107,1.0,N2,699,Species,OH,±5,306.0,5.0,Stanford,n_Dodecane / Vasu_2010_thesis,2,10,,,,0,2,0,0,9,0,0,0,0,0,6,20,0,2
322,456,CCCCCCCCCCCC,991,±1,21.8,,1.123,20.77,78.107,1.0,N2,645,Species,OH,±5,306.0,5.0,Stanford,n_Dodecane / Vasu_2010_thesis,2,10,,,,0,2,0,0,9,0,0,0,0,0,6,20,0,2
323,457,CCCCCCCCCCCC,992,±1,20.4,,1.123,20.77,78.107,1.0,N2,739,Species,OH,±5,306.0,5.0,Stanford,n_Dodecane / Vasu_2010_thesis,2,10,,,,0,2,0,0,9,0,0,0,0,0,6,20,0,2
324,458,CCCCCCCCCCCC,1008,±1,22.4,,1.123,20.77,78.107,1.0,N2,570,Species,OH,±5,306.0,5.0,Stanford,n_Dodecane / Vasu_2010_thesis,2,10,,,,0,2,0,0,9,0,0,0,0,0,6,20,0,2
325,459,CCCCCCCCCCCC,1015,±1,22.3,,1.123,20.77,78.107,1.0,N2,508,Species,OH,±5,306.0,5.0,Stanford,n_Dodecane / Vasu_2010_thesis,2,10,,,,0,2,0,0,9,0,0,0,0,0,6,20,0,2
326,460,CCCCCCCCCCCC,1036,±1,22.1,,1.123,20.77,78.107,1.0,N2,432,Species,OH,±5,306.0,5.0,Stanford,n_Dodecane / Vasu_2010_thesis,2,10,,,,0,2,0,0,9,0,0,0,0,0,6,20,0,2
327,461,CCCCCCCCCCCC,1087,±1,19.4,,1.123,20.77,78.107,1.0,N2,403,Species,OH,±5,306.0,5.0,Stanford,n_Dodecane / Vasu_2010_thesis,2,10,,,,0,2,0,0,9,0,0,0,0,0,6,20,0,2
328,462,CCCCCCCCCCCC,1102,±1,20.8,,1.123,20.77,78.107,1.0,N2,268,Species,OH,±5,306.0,5.0,Stanford,n_Dodecane / Vasu_2010_thesis,2,10,,,,0,2,0,0,9,0,0,0,0,0,6,20,0,2
329,463,CCCCCCCCCCCC,1107,±1,23.3,,1.123,20.77,78.107,1.0,N2,298,Species,OH,±5,306.0,5.0,Stanford,n_Dodecane / Vasu_2010_thesis,2,10,,,,0,2,0,0,9,0,0,0,0,0,6,20,0,2
330,464,CCCCCCCCCCCC,1109,±1,23.0,,1.123,20.77,78.107,1.0,N2,278,Species,OH,±5,306.0,5.0,Stanford,n_Dodecane / Vasu_2010_thesis,2,10,,,,0,2,0,0,9,0,0,0,0,0,6,20,0,2
331,465,CCCCCCCCCCCC,1118,±1,33.7,,1.123,20.77,78.107,1.0,N2,183,Species,OH,±5,306.0,5.0,Stanford,n_Dodecane / Vasu_2010_thesis,2,10,,,,0,2,0,0,9,0,0,0,0,0,6,20,0,2
332,466,CCCCCCCCCCCC,1123,±1,24.0,,1.123,20.77,78.107,1.0,N2,262,Species,OH,±5,306.0,5.0,Stanford,n_Dodecane / Vasu_2010_thesis,2,10,,,,0,2,0,0,9,0,0,0,0,0,6,20,0,2
333,467,CCCCCCCCCCCC,1125,±1,18.7,,1.123,20.77,78.107,1.0,N2,188,Species,OH,±5,306.0,5.0,Stanford,n_Dodecane / Vasu_2010_thesis,2,10,,,,0,2,0,0,9,0,0,0,0,0,6,20,0,2
334,468,CCCCCCCCCCCC,1135,±1,20.6,,1.123,20.77,78.107,1.0,N2,178,Species,OH,±5,306.0,5.0,Stanford,n_Dodecane / Vasu_2010_thesis,2,10,,,,0,2,0,0,9,0,0,0,0,0,6,20,0,2
335,469,CCCCCCCCCCCC,1230,±1,16.73,,0.1,3.596,96.304,0.5,N2,429,Species,OH,±5,306.0,5.0,Stanford,n_Dodecane / Vasu_2010_thesis,2,10,,,,0,2,0,0,9,0,0,0,0,0,6,20,0,2
336,470,CCCCCCCCCCCC,1217,±1,16.07,,0.1,3.596,96.304,0.5,N2,508,Species,OH,±5,306.0,5.0,Stanford,n_Dodecane / Vasu_2010_thesis,2,10,,,,0,2,0,0,9,0,0,0,0,0,6,20,0,2
337,471,CCCCCCCCCCCC,1196,±1,15.77,,0.1,3.596,96.304,0.5,N2,701,Species,OH,±5,306.0,5.0,Stanford,n_Dodecane / Vasu_2010_thesis,2,10,,,,0,2,0,0,9,0,0,0,0,0,6,20,0,2
338,472,CCCCCCCCCCCC,1186,±1,15.38,,0.1,3.596,96.304,0.5,N2,822,Species,OH,±5,306.0,5.0,Stanford,n_Dodecane / Vasu_2010_thesis,2,10,,,,0,2,0,0,9,0,0,0,0,0,6,20,0,2
339,473,CCCCCCCCCCCC,1158,±1,15.19,,0.1,3.596,96.304,0.5,N2,1181,Species,OH,±5,306.0,5.0,Stanford,n_Dodecane / Vasu_2010_thesis,2,10,,,,0,2,0,0,9,0,0,0,0,0,6,20,0,2
343,477,CCCCCCCCCCCC,1219,±1,16.1,,0.1,3.725,96.175,0.5,N2,485,Species,OH,±5,306.0,5.0,Stanford,n_Dodecane / Vasu_2010_thesis,2,10,,,,0,2,0,0,9,0,0,0,0,0,6,20,0,2
344,478,CCCCCCCCCCCC,1211,±1,16.13,,0.1,3.725,96.175,0.5,N2,534,Species,OH,±5,306.0,5.0,Stanford,n_Dodecane / Vasu_2010_thesis,2,10,,,,0,2,0,0,9,0,0,0,0,0,6,20,0,2
345,479,CCCCCCCCCCCC,1179,±1,15.93,,0.1,3.725,96.175,0.5,N2,847,Species,OH,±5,306.0,5.0,Stanford,n_Dodecane / Vasu_2010_thesis,2,10,,,,0,2,0,0,9,0,0,0,0,0,6,20,0,2
346,480,CCCCCCCCCCCC,1222,±1,15.84,,0.075,2.786,97.139,0.5,N2,625,Species,OH,±5,306.0,5.0,Stanford,n_Dodecane / Vasu_2010_thesis,2,10,,,,0,2,0,0,9,0,0,0,0,0,6,20,0,2
347,481,CCCCCCCCCCCC,1221,±1,15.45,,0.075,2.786,97.139,0.5,N2,685,Species,OH,±5,306.0,5.0,Stanford,n_Dodecane / Vasu_2010_thesis,2,10,,,,0,2,0,0,9,0,0,0,0,0,6,20,0,2
348,482,CCCCCCCCCCCC,1192,±1,14.98,,0.075,2.786,97.139,0.5,N2,1056,Species,OH,±5,306.0,5.0,Stanford,n_Dodecane / Vasu_2010_thesis,2,10,,,,0,2,0,0,9,0,0,0,0,0,6,20,0,2
349,483,CCCCCCCCCCCC,1422,±1,15.5,,0.1,3.7,96.2,0.5,N2,30,Species,OH,±5,306.0,5.0,Stanford,n_Dodecane / Vasu_2010_thesis,2,10,,,,0,2,0,0,9,0,0,0,0,0,6,20,0,2
350,484,CCCCCCCCCCCC,1280,±1,16.57,,0.1,3.7,96.2,0.5,N2,195,Species,OH,±5,306.0,5.0,Stanford,n_Dodecane / Vasu_2010_thesis,2,10,,,,0,2,0,0,9,0,0,0,0,0,6,20,0,2
370,504,CCCCCCCCCCCCCCCC,1327,±2,6.46,,0.1832,4.0,95.8168,1.12,Ar,360,Species,CH,±2,431.0,15.3,Stanford,n_hexadecane / hexadecane_diesel/Haylett_2011_thesis,2,14,,,,0,2,0,0,13,0,0,0,0,0,6,28,0,2
371,505,CCCCCCCCCCCCCCCC,1355,±2,4.19,,0.1023,4.0,95.8977,0.63,Ar,212,Species,CH,±2,431.0,15.3,Stanford,n_hexadecane / hexadecane_diesel/Haylett_2011_thesis,2,14,,,,0,2,0,0,13,0,0,0,0,0,6,28,0,2
372,506,CCCCCCCCCCCCCCCC,1183,±2,2.05,,0.1207,4.0,95.8793,0.74,Ar,4264,Species,CH,±2,431.0,15.3,Stanford,n_hexadecane / hexadecane_diesel/Haylett_2011_thesis,2,14,,,,0,2,0,0,13,0,0,0,0,0,6,28,0,2
373,507,CCCCCCCCCCCCCCCC,1159,±2,2.06,,0.092,4.0,95.90799999999999,0.56,Ar,3870,Species,CH,±2,431.0,15.3,Stanford,n_hexadecane / hexadecane_diesel/Haylett_2011_thesis,2,14,,,,0,2,0,0,13,0,0,0,0,0,6,28,0,2
374,508,CCCCCCCCCCCCCCCC,1181,±2,2.13,,0.1776,4.0,95.8224,1.09,Ar,5536,Species,CH,±2,431.0,15.3,Stanford,n_hexadecane / hexadecane_diesel/Haylett_2011_thesis,2,14,,,,0,2,0,0,13,0,0,0,0,0,6,28,0,2
375,509,CCCCCCCCCCCCCCCC,1266,±2,1.94,,0.1168,4.0,95.8832,0.72,Ar,1122,Species,CH,±2,431.0,15.3,Stanford,n_hexadecane / hexadecane_diesel/Haylett_2011_thesis,2,14,,,,0,2,0,0,13,0,0,0,0,0,6,28,0,2
376,510,CCCCCCCCCCCCCCCC,1212,±2,1.91,,0.0909,4.0,95.9091,0.56,Ar,2270,Species,CH,±2,431.0,15.3,Stanford,n_hexadecane / hexadecane_diesel/Haylett_2011_thesis,2,14,,,,0,2,0,0,13,0,0,0,0,0,6,28,0,2
377,511,CCCCCCCCCCCCCCCC,1247,±2,1.83,,0.1485,4.0,95.8515,0.91,Ar,2060,Species,CH,±2,431.0,15.3,Stanford,n_hexadecane / hexadecane_diesel/Haylett_2011_thesis,2,14,,,,0,2,0,0,13,0,0,0,0,0,6,28,0,2
378,512,CCCCCCCCCCCCCCCC,1285,±2,1.89,,0.1582,4.0,95.8418,0.97,Ar,1386,Species,CH,±2,431.0,15.3,Stanford,n_hexadecane / hexadecane_diesel/Haylett_2011_thesis,2,14,,,,0,2,0,0,13,0,0,0,0,0,6,28,0,2
379,513,CCCCCCCCCCCCCCCC,1353,±2,1.71,,0.1565,4.0,95.8435,0.96,Ar,708,Species,CH,±2,431.0,15.3,Stanford,n_hexadecane / hexadecane_diesel/Haylett_2011_thesis,2,14,,,,0,2,0,0,13,0,0,0,0,0,6,28,0,2
380,514,CCCCCCCCCCCCCCCC,1165,±2,2.08,,0.129,4.0,95.87100000000001,0.79,Ar,4548,Species,CH,±2,431.0,15.3,Stanford,n_hexadecane / hexadecane_diesel/Haylett_2011_thesis,2,14,,,,0,2,0,0,13,0,0,0,0,0,6,28,0,2
381,515,CCCCCCCCCCCCCCCC,1177,±2,2.03,,0.1571,4.0,95.8429,0.96,Ar,4778,Species,CH,±2,431.0,15.3,Stanford,n_hexadecane / hexadecane_diesel/Haylett_2011_thesis,2,14,,,,0,2,0,0,13,0,0,0,0,0,6,28,0,2
382,516,CCCCCCCCCCCCCCCC,1218,±2,1.96,,0.1165,4.0,95.8835,0.71,Ar,2657,Species,CH,±2,431.0,15.3,Stanford,n_hexadecane / hexadecane_diesel/Haylett_2011_thesis,2,14,,,,0,2,0,0,13,0,0,0,0,0,6,28,0,2
383,517,CCCCCCCCCCCCCCCC,1231,±2,1.86,,0.1254,4.0,95.8746,0.77,Ar,2137,Species,CH,±2,431.0,15.3,Stanford,n_hexadecane / hexadecane_diesel/Haylett_2011_thesis,2,14,,,,0,2,0,0,13,0,0,0,0,0,6,28,0,2
384,518,CCCCCCCCC,1204,±0.7,31.84,±1,0.4,4.0,95.6,1.0,Ar,205,Species,OH,±3,306.0,14.13,Stanford,Lam_2013_thesis / Normal_Alkanes_and_Simple_Oxygenates,2,7,,,,0,2,0,0,6,0,0,0,0,0,6,14,0,2
385,519,CCCCCCCCC,1133,±0.7,33.85,±1,0.4,4.0,95.6,1.0,Ar,416,Species,OH,±3,306.0,14.13,Stanford,Lam_2013_thesis / Normal_Alkanes_and_Simple_Oxygenates,2,7,,,,0,2,0,0,6,0,0,0,0,0,6,14,0,2
386,520,CCCCCCCCC,1194,±0.7,38.71,±1,0.4,4.0,95.6,1.0,Ar,201,Species,OH,±3,306.0,14.13,Stanford,Lam_2013_thesis / Normal_Alkanes_and_Simple_Oxygenates,2,7,,,,0,2,0,0,6,0,0,0,0,0,6,14,0,2
387,521,CCCCCCCCC,1249,±0.7,41.76,±1,0.4,4.0,95.6,1.0,Ar,98,Species,OH,±3,306.0,14.13,Stanford,Lam_2013_thesis / Normal_Alkanes_and_Simple_Oxygenates,2,7,,,,0,2,0,0,6,0,0,0,0,0,6,14,0,2
388,522,CCCCCCCCC,1077,±0.7,15.63,±1,0.4,4.0,95.6,1.0,Ar,1339,Species,OH,±3,306.0,14.13,Stanford,Lam_2013_thesis / Normal_Alkanes_and_Simple_Oxygenates,2,7,,,,0,2,0,0,6,0,0,0,0,0,6,14,0,2
389,523,CCCCCCCCC,1160,±0.7,14.81,±1,0.4,4.0,95.6,1.0,Ar,534,Species,OH,±3,306.0,14.13,Stanford,Lam_2013_thesis / Normal_Alkanes_and_Simple_Oxygenates,2,7,,,,0,2,0,0,6,0,0,0,0,0,6,14,0,2
390,524,CCCCCCCCC,1278,±0.7,14.5,±1,0.4,4.0,95.6,1.0,Ar,122,Species,OH,±3,306.0,14.13,Stanford,Lam_2013_thesis / Normal_Alkanes_and_Simple_Oxygenates,2,7,,,,0,2,0,0,6,0,0,0,0,0,6,14,0,2
391,525,CCCCCCCCC,1107,±0.7,14.8,±1,0.4,4.0,95.6,1.0,Ar,965,Species,OH,±3,306.0,14.13,Stanford,Lam_2013_thesis / Normal_Alkanes_and_Simple_Oxygenates,2,7,,,,0,2,0,0,6,0,0,0,0,0,6,14,0,2
392,526,CCCCCCCCC,1233,±0.7,14.94,±1,0.4,4.0,95.6,1.0,Ar,216,Species,OH,±3,306.0,14.13,Stanford,Lam_2013_thesis / Normal_Alkanes_and_Simple_Oxygenates,2,7,,,,0,2,0,0,6,0,0,0,0,0,6,14,0,2
393,527,CCCCCCCCC,1207,±0.7,15.19,±1,0.4,4.0,95.6,1.0,Ar,306,Species,OH,±3,306.0,14.13,Stanford,Lam_2013_thesis / Normal_Alkanes_and_Simple_Oxygenates,2,7,,,,0,2,0,0,6,0,0,0,0,0,6,14,0,2
394,528,CCCCCCCCC,1055,±0.7,15.41,±1,0.4,4.0,95.6,1.0,Ar,1787,Species,OH,±3,306.0,14.13,Stanford,Lam_2013_thesis / Normal_Alkanes_and_Simple_Oxygenates,2,7,,,,0,2,0,0,6,0,0,0,0,0,6,14,0,2
395,529,CCCCCCCCC,1243,±0.7,13.52,±1,0.4,4.0,95.6,1.0,Ar,197,Species,OH,±3,306.0,14.13,Stanford,Lam_2013_thesis / Normal_Alkanes_and_Simple_Oxygenates,2,7,,,,0,2,0,0,6,0,0,0,0,0,6,14,0,2
396,530,CCCCCCCCC,1203,±0.7,15.11,±1,0.2,4.0,95.8,0.5,Ar,322,Species,OH,±3,306.0,14.13,Stanford,Lam_2013_thesis / Normal_Alkanes_and_Simple_Oxygenates,2,7,,,,0,2,0,0,6,0,0,0,0,0,6,14,0,2
397,531,CCCCCCCCC,1137,±0.7,15.31,±1,0.2,4.0,95.8,0.5,Ar,855,Species,OH,±3,306.0,14.13,Stanford,Lam_2013_thesis / Normal_Alkanes_and_Simple_Oxygenates,2,7,,,,0,2,0,0,6,0,0,0,0,0,6,14,0,2
398,532,CCCCCCCCC,1145,±0.7,15.3,±1,0.2,4.0,95.8,0.5,Ar,776,Species,OH,±3,306.0,14.13,Stanford,Lam_2013_thesis / Normal_Alkanes_and_Simple_Oxygenates,2,7,,,,0,2,0,0,6,0,0,0,0,0,6,14,0,2
399,533,CCCCCCCCC,1186,±0.7,15.09,±1,0.2,4.0,95.8,0.5,Ar,442,Species,OH,±3,306.0,14.13,Stanford,Lam_2013_thesis / Normal_Alkanes_and_Simple_Oxygenates,2,7,,,,0,2,0,0,6,0,0,0,0,0,6,14,0,2
400,534,CCCCCCCCC,1199,±0.7,15.2,±1,0.2,4.0,95.8,0.5,Ar,335,Species,OH,±3,306.0,14.13,Stanford,Lam_2013_thesis / Normal_Alkanes_and_Simple_Oxygenates,2,7,,,,0,2,0,0,6,0,0,0,0,0,6,14,0,2
401,535,CCCCCCCCC,1301,±0.7,14.25,±1,0.2,4.0,95.8,0.5,Ar,89,Species,OH,±3,306.0,14.13,Stanford,Lam_2013_thesis / Normal_Alkanes_and_Simple_Oxygenates,2,7,,,,0,2,0,0,6,0,0,0,0,0,6,14,0,2
402,536,CCCCCCCCC,1272,±0.7,14.41,±1,0.2,4.0,95.8,0.5,Ar,134,Species,OH,±3,306.0,14.13,Stanford,Lam_2013_thesis / Normal_Alkanes_and_Simple_Oxygenates,2,7,,,,0,2,0,0,6,0,0,0,0,0,6,14,0,2
403,537,CCCCCCCCC,1221,±0.7,14.8,±1,0.2,4.0,95.8,0.5,Ar,283,Species,OH,±3,306.0,14.13,Stanford,Lam_2013_thesis / Normal_Alkanes_and_Simple_Oxygenates,2,7,,,,0,2,0,0,6,0,0,0,0,0,6,14,0,2
404,538,CCCCCCCCC,1217,±0.7,14.79,±1,0.4,4.0,95.6,2.0,Ar,281,Species,OH,±3,306.0,14.13,Stanford,Lam_2013_thesis / Normal_Alkanes_and_Simple_Oxygenates,2,7,,,,0,2,0,0,6,0,0,0,0,0,6,14,0,2
405,539,CCCCCCCCC,1164,±0.7,15.31,±1,0.4,4.0,95.6,2.0,Ar,456,Species,OH,±3,306.0,14.13,Stanford,Lam_2013_thesis / Normal_Alkanes_and_Simple_Oxygenates,2,7,,,,0,2,0,0,6,0,0,0,0,0,6,14,0,2
406,540,CCCCCCCCC,1129,±0.7,15.7,±1,0.4,4.0,95.6,2.0,Ar,638,Species,OH,±3,306.0,14.13,Stanford,Lam_2013_thesis / Normal_Alkanes_and_Simple_Oxygenates,2,7,,,,0,2,0,0,6,0,0,0,0,0,6,14,0,2
407,541,CCCCCCCCC,1290,±0.7,14.88,±1,0.4,4.0,95.6,2.0,Ar,117,Species,OH,±3,306.0,14.13,Stanford,Lam_2013_thesis / Normal_Alkanes_and_Simple_Oxygenates,2,7,,,,0,2,0,0,6,0,0,0,0,0,6,14,0,2
408,542,CCCCCCCCC,1051,±0.7,15.39,±1,0.4,4.0,95.6,2.0,Ar,1341,Species,OH,±3,306.0,14.13,Stanford,Lam_2013_thesis / Normal_Alkanes_and_Simple_Oxygenates,2,7,,,,0,2,0,0,6,0,0,0,0,0,6,14,0,2
409,543,CCCCCCCCC,1053,±0.7,14.88,±1,0.4,4.0,95.6,2.0,Ar,1318,Species,OH,±3,306.0,14.13,Stanford,Lam_2013_thesis / Normal_Alkanes_and_Simple_Oxygenates,2,7,,,,0,2,0,0,6,0,0,0,0,0,6,14,0,2
410,544,CCCCCCCCC,1075,±0.7,15.14,±1,0.4,4.0,95.6,2.0,Ar,1007,Species,OH,±3,306.0,14.13,Stanford,Lam_2013_thesis / Normal_Alkanes_and_Simple_Oxygenates,2,7,,,,0,2,0,0,6,0,0,0,0,0,6,14,0,2
505,639,CCCCCCCCCC,1081, ±2,5.14, ±9.6,1.44,21.0,77.56,1.06,N2,1696,Species,CH, ±9.6,430.0,15.3,Stanford,Haylett_2011_thesis,2,8,,,,0,2,0,0,7,0,0,0,0,0,6,16,0,2
506,640,CCCCCCCCCC,1131, ±2,4.87, ±9.6,1.494,21.0,77.506,1.1,N2,1252,Species,CH, ±9.6,430.0,15.3,Stanford,Haylett_2011_thesis,2,8,,,,0,2,0,0,7,0,0,0,0,0,6,16,0,2
507,641,CCCCCCCCCC,1154, ±2,5.15, ±9.6,1.895,21.0,77.105,1.4,N2,921,Species,CH, ±9.6,430.0,15.3,Stanford,Haylett_2011_thesis,2,8,,,,0,2,0,0,7,0,0,0,0,0,6,16,0,2
508,642,CCCCCCCCCC,1109, ±2,4.56, ±9.6,1.472,21.0,77.528,1.09,N2,1358,Species,CH, ±9.6,430.0,15.3,Stanford,Haylett_2011_thesis,2,8,,,,0,2,0,0,7,0,0,0,0,0,6,16,0,2
509,643,CCCCCCCCCC,1173, ±2,4.93, ±9.6,2.5669999999999997,21.0,76.433,1.89,N2,950,Species,CH, ±9.6,430.0,15.3,Stanford,Haylett_2011_thesis,2,8,,,,0,2,0,0,7,0,0,0,0,0,6,16,0,2
585,719,CCCCCCC,806,±1.8,20.0,,1.874,20.6,77.52600000000001,1.0,N2,1377,Species,OH,,306.7,5.0,Stanford,blend_surrogate_fuels,2,5,,,,0,2,0,0,4,0,0,0,0,0,6,10,0,2
586,720,CCCCCCC,850,±1.8,19.92,,1.874,20.6,77.52600000000001,1.0,N2,1653,Species,OH,,306.7,5.0,Stanford,blend_surrogate_fuels,2,5,,,,0,2,0,0,4,0,0,0,0,0,6,10,0,2
587,721,CCCCCCC,906,±1.8,19.87,,1.874,20.6,77.52600000000001,1.0,N2,1836,Species,OH,,306.7,5.0,Stanford,blend_surrogate_fuels,2,5,,,,0,2,0,0,4,0,0,0,0,0,6,10,0,2
588,722,CCCCCCC,1012,±1.8,18.13,,1.874,20.6,77.52600000000001,1.0,N2,944,Species,OH,,306.7,5.0,Stanford,blend_surrogate_fuels,2,5,,,,0,2,0,0,4,0,0,0,0,0,6,10,0,2
590,724,CCCCCCC,909,±1.8,53.9,,1.874,20.6,77.52600000000001,1.0,N2,254,Species,OH,,306.7,5.0,Stanford,blend_surrogate_fuels,2,5,,,,0,2,0,0,4,0,0,0,0,0,6,10,0,2
591,725,CCCCCCC,923,±1.8,60.0,,1.874,20.6,77.52600000000001,1.0,N2,244,Species,OH,,306.7,5.0,Stanford,blend_surrogate_fuels,2,5,,,,0,2,0,0,4,0,0,0,0,0,6,10,0,2
592,726,CCCCCCC,926,±1.8,60.6,,1.874,20.6,77.52600000000001,1.0,N2,233,Species,OH,,306.7,5.0,Stanford,blend_surrogate_fuels,2,5,,,,0,2,0,0,4,0,0,0,0,0,6,10,0,2
593,727,CCCCCCC,932,±1.8,55.4,,1.874,20.6,77.52600000000001,1.0,N2,323,Species,OH,,306.7,5.0,Stanford,blend_surrogate_fuels,2,5,,,,0,2,0,0,4,0,0,0,0,0,6,10,0,2
594,728,CCCCCCC,985,±1.8,48.6,,1.874,20.6,77.52600000000001,1.0,N2,364,Species,OH,,306.7,5.0,Stanford,blend_surrogate_fuels,2,5,,,,0,2,0,0,4,0,0,0,0,0,6,10,0,2
595,729,CCCCCCC,1007,±1.8,57.7,,1.874,20.6,77.52600000000001,1.0,N2,232,Species,OH,,306.7,5.0,Stanford,blend_surrogate_fuels,2,5,,,,0,2,0,0,4,0,0,0,0,0,6,10,0,2
596,730,CCCCCCC,1013,±1.8,53.6,,1.874,20.6,77.52600000000001,1.0,N2,292,Species,OH,,306.7,5.0,Stanford,blend_surrogate_fuels,2,5,,,,0,2,0,0,4,0,0,0,0,0,6,10,0,2
597,731,CCCCCCC,1023,±1.8,54.2,,1.874,20.6,77.52600000000001,1.0,N2,261,Species,OH,,306.7,5.0,Stanford,blend_surrogate_fuels,2,5,,,,0,2,0,0,4,0,0,0,0,0,6,10,0,2
598,732,CCCCCCC,1027,±1.8,59.1,,1.874,20.6,77.52600000000001,1.0,N2,237,Species,OH,,306.7,5.0,Stanford,blend_surrogate_fuels,2,5,,,,0,2,0,0,4,0,0,0,0,0,6,10,0,2
599,733,CCCCCCC,1057,±1.8,50.0,,1.874,20.6,77.52600000000001,1.0,N2,194,Species,OH,,306.7,5.0,Stanford,blend_surrogate_fuels,2,5,,,,0,2,0,0,4,0,0,0,0,0,6,10,0,2
600,734,CCCCCCC,1063,±1.8,53.1,,1.874,20.6,77.52600000000001,1.0,N2,179,Species,OH,,306.7,5.0,Stanford,blend_surrogate_fuels,2,5,,,,0,2,0,0,4,0,0,0,0,0,6,10,0,2
601,735,CCCCCCC,1115,±1.8,52.3,,1.874,20.6,77.52600000000001,1.0,N2,102,Species,OH,,306.7,5.0,Stanford,blend_surrogate_fuels,2,5,,,,0,2,0,0,4,0,0,0,0,0,6,10,0,2
