,Fuel,T(K),T_Error(%),P(atm),P_Error(%),Fuel(%),Oxidizer(%),Diluant(%),Equv(phi),Diluant Type,Time(μs),Mode_of_measurement,Species_name,Species_measurement_Error,Measured_wavelength(nm),Shocktube_dia(cm),Research_group,Data_Source
50,CCCC,1250,±3,1.24,,0.95,6.19,92.86,1,Ar,1898,Speceis,CH,±2.36,430,11.5,Xi’an_Jiaotong,C1_C4_Alkanes
24,CCCC,1490,±1,1.19,±1,2,13,85,1,Ar,100,Speceis,CH,±5,431,15.3,Stanford,Autoignition_ n_Alkane / Horning_2001_thesis
39,CCCC,1618,±1,1.13,±1,1,3.25,95.75,2,Ar,218,Speceis,CH,±5,431,15.3,Stanford,Autoignition_ n_Alkane / Horning_2001_thesis
51,CCCC,1276,±3,1.23,,0.95,6.19,92.86,1,Ar,1432,Speceis,CH,±2.36,430,11.5,Xi’an_Jiaotong,C1_C4_Alkanes
13,CCCC,1468,±1,1.97,±1,1,6.5,92.5,1,Ar,150,Speceis,CH,±5,431,15.3,Stanford,Autoignition_ n_Alkane / Horning_2001_thesis
14,CCCC,1499,±1,1.14,±1,1,6.5,92.5,1,Ar,151,Speceis,CH,±5,431,15.3,Stanford,Autoignition_ n_Alkane / Horning_2001_thesis
5,CCCC,1483,±1,1.32,±1,1,6.5,92.5,1,Ar,161,Speceis,CH,±5,431,15.3,Stanford,Autoignition_ n_Alkane / Horning_2001_thesis
18,CCCC,1513,±1,1.18,±1,0.5,3.25,96.25,1,Ar,186,Speceis,CH,±5,431,15.3,Stanford,Autoignition_ n_Alkane / Horning_2001_thesis
55,CCCC,1477,±3,5.32,,0.95,6.19,92.86,1,Ar,93,Speceis,CH,±2.36,430,11.5,Xi’an_Jiaotong,C1_C4_Alkanes
4,CCCC,1478,±1,1.2,±1,1,6.5,92.5,1,Ar,171,Speceis,CH,±5,431,15.3,Stanford,Autoignition_ n_Alkane / Horning_2001_thesis
23,CCCC,1432,±1,1.17,±1,2,13,85,1,Ar,179,Speceis,CH,±5,431,15.3,Stanford,Autoignition_ n_Alkane / Horning_2001_thesis
56,CCCC,1543,±3,5.42,,0.95,6.19,92.86,1,Ar,46,Speceis,CH,±2.36,430,11.5,Xi’an_Jiaotong,C1_C4_Alkanes
7,CCCC,1400,±1,2.03,±1,1,6.5,92.5,1,Ar,335,Speceis,CH,±5,431,15.3,Stanford,Autoignition_ n_Alkane / Horning_2001_thesis
11,CCCC,1399,±1,3.81,±1,1,6.5,92.5,1,Ar,243,Speceis,CH,±5,431,15.3,Stanford,Autoignition_ n_Alkane / Horning_2001_thesis
57,CCCC,1230,±3,5.44,,0.95,6.19,92.86,1,Ar,1457,Speceis,CH,±2.36,430,11.5,Xi’an_Jiaotong,C1_C4_Alkanes
22,CCCC,1433,±1,1.27,±1,0.5,3.25,96.25,1,Ar,475,Speceis,CH,±5,431,15.3,Stanford,Autoignition_ n_Alkane / Horning_2001_thesis
54,CCCC,1400,±3,5.3,,0.95,6.19,92.86,1,Ar,199,Speceis,CH,±2.36,430,11.5,Xi’an_Jiaotong,C1_C4_Alkanes
35,CCCC,1666,±1,1.03,±1,1,3.25,95.75,2,Ar,177,Speceis,CH,±5,431,15.3,Stanford,Autoignition_ n_Alkane / Horning_2001_thesis
25,CCCC,1385,±1,1.18,±1,2,13,85,1,Ar,353,Speceis,CH,±5,431,15.3,Stanford,Autoignition_ n_Alkane / Horning_2001_thesis
9,CCCC,1454,±1,2,±1,1,6.5,92.5,1,Ar,170,Speceis,CH,±5,431,15.3,Stanford,Autoignition_ n_Alkane / Horning_2001_thesis
41,CCCC,1531,,2.16,,0.05,0.325,99.625,1,Ar,260,Speceis,OH,±5,306.7,8.9,Stanford,n_Alkane_Oxidation
26,CCCC,1434,±1,1.15,±1,2,13,85,1,Ar,180,Speceis,CH,±5,431,15.3,Stanford,Autoignition_ n_Alkane / Horning_2001_thesis
49,CCCC,1585,±3,1.24,,0.95,6.19,92.86,1,Ar,70,Speceis,CH,±2.36,430,11.5,Xi’an_Jiaotong,C1_C4_Alkanes
27,CCCC,1455,±1,1.15,±1,2,13,85,1,Ar,149,Speceis,CH,±5,431,15.3,Stanford,Autoignition_ n_Alkane / Horning_2001_thesis
48,CCCC,1511,±3,1.23,,0.95,6.19,92.86,1,Ar,155,Speceis,CH,±2.36,430,11.5,Xi’an_Jiaotong,C1_C4_Alkanes
16,CCCC,1557,±1,1.13,±1,1,6.5,92.5,1,Ar,87,Speceis,CH,±5,431,15.3,Stanford,Autoignition_ n_Alkane / Horning_2001_thesis
20,CCCC,1532,±1,1.33,±1,0.5,3.25,96.25,1,Ar,156,Speceis,CH,±5,431,15.3,Stanford,Autoignition_ n_Alkane / Horning_2001_thesis
37,CCCC,1541,±1,1.07,±1,1,3.25,95.75,2,Ar,441,Speceis,CH,±5,431,15.3,Stanford,Autoignition_ n_Alkane / Horning_2001_thesis
1,CCCC,1405,±1,1.18,±1,1,6.5,92.5,1,Ar,420,Speceis,CH,±5,431,15.3,Stanford,Autoignition_ n_Alkane / Horning_2001_thesis
46,CCCC,1386,±3,1.49,,0.95,6.19,92.86,1,Ar,485,Speceis,CH,±2.36,430,11.5,Xi’an_Jiaotong,C1_C4_Alkanes
3,CCCC,1447,±1,1.14,±1,1,6.5,92.5,1,Ar,244,Speceis,CH,±5,431,15.3,Stanford,Autoignition_ n_Alkane / Horning_2001_thesis
43,CCCC,1761,,2.02,,0.05,0.325,99.625,1,Ar,40,Speceis,OH,±5,306.7,8.9,Stanford,n_Alkane_Oxidation
19,CCCC,1478,±1,1.2,±1,0.5,3.25,96.25,1,Ar,275,Speceis,CH,±5,431,15.3,Stanford,Autoignition_ n_Alkane / Horning_2001_thesis
17,CCCC,1561,±1,1.17,±1,0.5,3.25,96.25,1,Ar,131,Speceis,CH,±5,431,15.3,Stanford,Autoignition_ n_Alkane / Horning_2001_thesis
32,CCCC,1412,±1,1.11,±1,1,13,86,0.5,Ar,149,Speceis,CH,±5,431,15.3,Stanford,Autoignition_ n_Alkane / Horning_2001_thesis
30,CCCC,1422,±1,1.08,±1,1,13,86,0.5,Ar,131,Speceis,CH,±5,431,15.3,Stanford,Autoignition_ n_Alkane / Horning_2001_thesis
0,CCCC,1405,±1,1.19,±1,1,6.5,92.5,1,Ar,415,Speceis,CH,±5,431,15.3,Stanford,Autoignition_ n_Alkane / Horning_2001_thesis
15,CCCC,1505,±1,1.12,±1,1,6.5,92.5,1,Ar,140,Speceis,CH,±5,431,15.3,Stanford,Autoignition_ n_Alkane / Horning_2001_thesis
47,CCCC,1450,±3,1.24,,0.95,6.19,92.86,1,Ar,267,Speceis,CH,±2.36,430,11.5,Xi’an_Jiaotong,C1_C4_Alkanes
42,CCCC,1598,,2.06,,0.05,0.325,99.625,1,Ar,144,Speceis,OH,±5,306.7,8.9,Stanford,n_Alkane_Oxidation
6,CCCC,1407,±1,1.99,±1,1,6.5,92.5,1,Ar,297,Speceis,CH,±5,431,15.3,Stanford,Autoignition_ n_Alkane / Horning_2001_thesis
31,CCCC,1385,±1,1.11,±1,1,13,86,0.5,Ar,206,Speceis,CH,±5,431,15.3,Stanford,Autoignition_ n_Alkane / Horning_2001_thesis
52,CCCC,1281,±3,5.46,,0.95,6.19,92.86,1,Ar,814,Speceis,CH,±2.36,430,11.5,Xi’an_Jiaotong,C1_C4_Alkanes
21,CCCC,1546,±1,1.37,±1,0.5,3.25,96.25,1,Ar,136,Speceis,CH,±5,431,15.3,Stanford,Autoignition_ n_Alkane / Horning_2001_thesis
36,CCCC,1627,±1,1.06,±1,1,3.25,95.75,2,Ar,220,Speceis,CH,±5,431,15.3,Stanford,Autoignition_ n_Alkane / Horning_2001_thesis
34,CCCC,1352,±1,1.14,±1,1,13,86,0.5,Ar,307,Speceis,CH,±5,431,15.3,Stanford,Autoignition_ n_Alkane / Horning_2001_thesis
38,CCCC,1734,±1,1.08,±1,1,3.25,95.75,2,Ar,105,Speceis,CH,±5,431,15.3,Stanford,Autoignition_ n_Alkane / Horning_2001_thesis
40,CCCC,1577,±1,1.13,±1,1,3.25,95.75,2,Ar,304,Speceis,CH,±5,431,15.3,Stanford,Autoignition_ n_Alkane / Horning_2001_thesis
63,CCCCC,1303,±0.7,3.61,±1,0.5,4,95.5,1,Ar,832,Species,OH,±3,306,14.13,Stanford,Lam_2013_thesis / Normal_Alkanes_and_Simple_Oxygenates
69,CCCCC,1263,±0.7,1.73,±1,0.25,4,95.75,0.5,Ar,1391,Species,OH,±3,306,14.13,Stanford,Lam_2013_thesis / Normal_Alkanes_and_Simple_Oxygenates
65,CCCCC,1395,±0.7,3.47,±1,0.5,4,95.5,1,Ar,316,Species,OH,±3,306,14.13,Stanford,Lam_2013_thesis / Normal_Alkanes_and_Simple_Oxygenates
58,CCCCC,1489,±0.7,1.74,±1,0.5,4,95.5,1,Ar,145,Species,OH,±3,306,14.13,Stanford,Lam_2013_thesis / Normal_Alkanes_and_Simple_Oxygenates
72,CCCCC,1397,±0.7,1.75,±1,0.25,4,95.75,0.5,Ar,232,Species,OH,±3,306,14.13,Stanford,Lam_2013_thesis / Normal_Alkanes_and_Simple_Oxygenates
71,CCCCC,1428,±0.7,1.62,±1,0.25,4,95.75,0.5,Ar,153,Species,OH,±3,306,14.13,Stanford,Lam_2013_thesis / Normal_Alkanes_and_Simple_Oxygenates
67,CCCCC,1268,±0.7,3.61,±1,0.5,4,95.5,1,Ar,1296,Species,OH,±3,306,14.13,Stanford,Lam_2013_thesis / Normal_Alkanes_and_Simple_Oxygenates
61,CCCCC,1304,±0.7,1.95,±1,0.5,4,95.5,1,Ar,1227,Species,OH,±3,306,14.13,Stanford,Lam_2013_thesis / Normal_Alkanes_and_Simple_Oxygenates
68,CCCCC,1396,±0.7,1.65,±1,0.25,4,95.75,0.5,Ar,255,Species,OH,±3,306,14.13,Stanford,Lam_2013_thesis / Normal_Alkanes_and_Simple_Oxygenates
59,CCCCC,1426,±0.7,1.83,±1,0.5,4,95.5,1,Ar,281,Species,OH,±3,306,14.13,Stanford,Lam_2013_thesis / Normal_Alkanes_and_Simple_Oxygenates
70,CCCCC,1533,±0.7,1.71,±1,0.25,4,95.75,0.5,Ar,49,Species,OH,±3,306,14.13,Stanford,Lam_2013_thesis / Normal_Alkanes_and_Simple_Oxygenates
62,CCCCC,1267,±0.7,2,±1,0.5,4,95.5,1,Ar,1845,Species,OH,±3,306,14.13,Stanford,Lam_2013_thesis / Normal_Alkanes_and_Simple_Oxygenates
66,CCCCC,1449,±0.7,3.41,±1,0.5,4,95.5,1,Ar,162,Species,OH,±3,306,14.13,Stanford,Lam_2013_thesis / Normal_Alkanes_and_Simple_Oxygenates
132,CCCCCCC,1456,±1,1.2,,1.2,6.6,92.2,2,Ar,361,Species,CH,±5,431,15.3,Stanford,Horning_2001_thesis / Autoignition_ n_Alkane
165,CCCCCCC,1395,±1,1.72,,0.05,0.55,99.4,1,Ar,878,Species,CH3,,216,15.3,Stanford,iso_octane_heptane
158,CCCCCCC,1007,±1.8,57.7,,1.874,20.6,77.526,1,N2,232,Species,OH,,306.7,5,Stanford,blend_surrogate_fuels
78,CCCCCCC,1501,±1,1.25,,0.36,4.4,95.24,0.9,Ar,125,Species,CH,±5,431,15.3,Stanford,Horning_2001_thesis / Autoignition_ n_Alkane
108,CCCCCCC,1455,±1,1.22,,1.2,13.2,85.6,1,Ar,115,Species,CH,±5,431,15.3,Stanford,Horning_2001_thesis / Autoignition_ n_Alkane
176,CCCCCCC,1494,±1,2.155,±1,0.03,0.33,99.64,1,Ar,1330,Species,OH,,306.7,15.3,Stanford,n_heptane_oxidation
120,CCCCCCC,1468,±1,2.13,,0.2,2.2,97.6,1,Ar,216,Species,CH,±5,431,15.3,Stanford,Horning_2001_thesis / Autoignition_ n_Alkane
112,CCCCCCC,1465,±1,1.14,,1.2,8.8,90,1.5,Ar,189,Species,CH,±5,431,15.3,Stanford,Horning_2001_thesis / Autoignition_ n_Alkane
96,CCCCCCC,1434,±1,2.15,,0.4,4.4,95.2,1,Ar,205,Species,CH,±5,431,15.3,Stanford,Horning_2001_thesis / Autoignition_ n_Alkane
93,CCCCCCC,1347,±1,1.22,,0.4,8.8,90.8,0.5,Ar,323,Species,CH,±5,431,15.3,Stanford,Horning_2001_thesis / Autoignition_ n_Alkane
159,CCCCCCC,1013,±1.8,53.6,,1.874,20.6,77.526,1,N2,292,Species,OH,,306.7,5,Stanford,blend_surrogate_fuels
152,CCCCCCC,1048,±1.8,16.72,,1.874,20.6,77.526,1,N2,854,Species,OH,,306.7,5,Stanford,blend_surrogate_fuels
160,CCCCCCC,1023,±1.8,54.2,,1.874,20.6,77.526,1,N2,261,Species,OH,,306.7,5,Stanford,blend_surrogate_fuels
131,CCCCCCC,1516,±1,1.21,,1.2,6.6,92.2,2,Ar,205,Species,CH,±5,431,15.3,Stanford,Horning_2001_thesis / Autoignition_ n_Alkane
88,CCCCCCC,1619,±1,1.22,,0.4,2.2,97.4,2,Ar,210,Species,CH,±5,431,15.3,Stanford,Horning_2001_thesis / Autoignition_ n_Alkane
91,CCCCCCC,1345,±1,1.34,,0.4,8.8,90.8,0.5,Ar,305,Species,CH,±5,431,15.3,Stanford,Horning_2001_thesis / Autoignition_ n_Alkane
178,CCCCCCC,1502,±1,2.262,±1,0.03,0.33,99.64,1,Ar,280,Species,OH,,306.7,15.3,Stanford,n_heptane_oxidation
142,CCCCCCC,1378,±1.8,1.99,,1.874,20.6,77.526,1,N2,117,Species,OH,,306.7,5,Stanford,blend_surrogate_fuels
126,CCCCCCC,1421,±1,5.69,,0.4,4.4,95.2,1,Ar,138,Species,CH,±5,431,15.3,Stanford,Horning_2001_thesis / Autoignition_ n_Alkane
161,CCCCCCC,1027,±1.8,59.1,,1.874,20.6,77.526,1,N2,237,Species,OH,,306.7,5,Stanford,blend_surrogate_fuels
104,CCCCCCC,1413,±1,4.16,,0.4,4.4,95.2,1,Ar,183,Species,CH,±5,431,15.3,Stanford,Horning_2001_thesis / Autoignition_ n_Alkane
85,CCCCCCC,1347,±1,1.3,,0.4,8.8,90.8,0.5,Ar,286,Species,CH,±5,431,15.3,Stanford,Horning_2001_thesis / Autoignition_ n_Alkane
133,CCCCCCC,1551,,2.14,,0.03,0.33,99.64,1,Ar,207,Species,OH,±5,306.7,8.9,Stanford,n_Alkane_Oxidation
114,CCCCCCC,1409,±1,1.27,,1.2,8.8,90,1.5,Ar,321,Species,CH,±5,431,15.3,Stanford,Horning_2001_thesis / Autoignition_ n_Alkane
147,CCCCCCC,1290,±1.8,11.8,,1.874,20.6,77.526,1,N2,118,Species,OH,,306.7,5,Stanford,blend_surrogate_fuels
117,CCCCCCC,1329,±1,1.19,,1.75,19.7,78.55,1,Ar,382,Species,CH,±5,431,15.3,Stanford,Horning_2001_thesis / Autoignition_ n_Alkane
168,CCCCCCC,1229,±1,15.13,,0.1,2.2,97.7,0.5,Ar,708,Species,OH,,306.7,7.5,Stanford,n_heptane_methylcyclohexane
94,CCCCCCC,1455,±1,2.13,,0.4,4.4,95.2,1,Ar,165,Species,CH,±5,431,15.3,Stanford,Horning_2001_thesis / Autoignition_ n_Alkane
76,CCCCCCC,1438,±1,1.22,,0.4,4.8,94.8,0.9,Ar,238,Species,CH,±5,431,15.3,Stanford,Horning_2001_thesis / Autoignition_ n_Alkane
172,CCCCCCC,1358,±1,2.436,±1,0.03,0.33,99.64,1,Ar,1280,Species,OH,,306.7,15.3,Stanford,n_heptane_oxidation
170,CCCCCCC,1236,±1,15.28,,0.1,2.2,97.7,0.5,Ar,652,Species,OH,,306.7,7.5,Stanford,n_heptane_methylcyclohexane
115,CCCCCCC,1411,±1,1.29,,1.2,8.8,90,1.5,Ar,311,Species,CH,±5,431,15.3,Stanford,Horning_2001_thesis / Autoignition_ n_Alkane
98,CCCCCCC,1503,±1,2.06,,0.4,4.4,95.2,1,Ar,100,Species,CH,±5,431,15.3,Stanford,Horning_2001_thesis / Autoignition_ n_Alkane
107,CCCCCCC,1335,±1,1.3,,1.2,13.2,85.6,1,Ar,466,Species,CH,±5,431,15.3,Stanford,Horning_2001_thesis / Autoignition_ n_Alkane
119,CCCCCCC,1501,±1,2.08,,0.2,2.2,97.6,1,Ar,150,Species,CH,±5,431,15.3,Stanford,Horning_2001_thesis / Autoignition_ n_Alkane
149,CCCCCCC,850,±1.8,19.92,,1.874,20.6,77.526,1,N2,1653,Species,OH,,306.7,5,Stanford,blend_surrogate_fuels
145,CCCCCCC,1299,±1.8,10.25,,1.874,20.6,77.526,1,N2,122,Species,OH,,306.7,5,Stanford,blend_surrogate_fuels
106,CCCCCCC,1426,±1,1.17,,0.8,8.8,90.4,1,Ar,208,Species,CH,±5,431,15.3,Stanford,Horning_2001_thesis / Autoignition_ n_Alkane
171,CCCCCCC,1271,±1,15,,0.1,2.2,97.7,0.5,Ar,377,Species,OH,,306.7,7.5,Stanford,n_heptane_methylcyclohexane
164,CCCCCCC,1115,±1.8,52.3,,1.874,20.6,77.526,1,N2,102,Species,OH,,306.7,5,Stanford,blend_surrogate_fuels
110,CCCCCCC,1349,±1,1.2,,1.2,13.2,85.6,1,Ar,411,Species,CH,±5,431,15.3,Stanford,Horning_2001_thesis / Autoignition_ n_Alkane
97,CCCCCCC,1478,±1,2.08,,0.4,4.4,95.2,1,Ar,131,Species,CH,±5,431,15.3,Stanford,Horning_2001_thesis / Autoignition_ n_Alkane
127,CCCCCCC,1372,±1,5.57,,0.4,4.4,95.2,1,Ar,279,Species,CH,±5,431,15.3,Stanford,Horning_2001_thesis / Autoignition_ n_Alkane
86,CCCCCCC,1676,±1,1.22,,0.4,2.2,97.4,2,Ar,147,Species,CH,±5,431,15.3,Stanford,Horning_2001_thesis / Autoignition_ n_Alkane
156,CCCCCCC,932,±1.8,55.4,,1.874,20.6,77.526,1,N2,323,Species,OH,,306.7,5,Stanford,blend_surrogate_fuels
140,CCCCCCC,1299,±1.8,1.89,,1.874,20.6,77.526,1,N2,311,Species,OH,,306.7,5,Stanford,blend_surrogate_fuels
139,CCCCCCC,1249,±1.8,1.97,,1.874,20.6,77.526,1,N2,298,Species,OH,,306.7,5,Stanford,blend_surrogate_fuels
90,CCCCCCC,1347,±1,1.29,,0.4,8.8,90.8,0.5,Ar,308,Species,CH,±5,431,15.3,Stanford,Horning_2001_thesis / Autoignition_ n_Alkane
103,CCCCCCC,1463,±1,4.11,,0.4,4.4,95.2,1,Ar,103,Species,CH,±5,431,15.3,Stanford,Horning_2001_thesis / Autoignition_ n_Alkane
125,CCCCCCC,1400,±1,5.63,,0.4,4.4,95.2,1,Ar,190,Species,CH,±5,431,15.3,Stanford,Horning_2001_thesis / Autoignition_ n_Alkane
136,CCCCCCC,1540,,3.67,,0.03,0.33,99.64,1,Ar,181,Species,OH,±5,306.7,8.9,Stanford,n_Alkane_Oxidation
77,CCCCCCC,1492,±1,1.22,,0.36,4.4,95.24,0.9,Ar,141,Species,CH,±5,431,15.3,Stanford,Horning_2001_thesis / Autoignition_ n_Alkane
153,CCCCCCC,909,±1.8,53.9,,1.874,20.6,77.526,1,N2,254,Species,OH,,306.7,5,Stanford,blend_surrogate_fuels
83,CCCCCCC,1455,±1,1.2,,0.4,8.8,90.8,0.5,Ar,86,Species,CH,±5,431,15.3,Stanford,Horning_2001_thesis / Autoignition_ n_Alkane
89,CCCCCCC,1396,±1,1.23,,0.4,8.8,90.8,0.5,Ar,161,Species,CH,±5,431,15.3,Stanford,Horning_2001_thesis / Autoignition_ n_Alkane
163,CCCCCCC,1063,±1.8,53.1,,1.874,20.6,77.526,1,N2,179,Species,OH,,306.7,5,Stanford,blend_surrogate_fuels
154,CCCCCCC,923,±1.8,60,,1.874,20.6,77.526,1,N2,244,Species,OH,,306.7,5,Stanford,blend_surrogate_fuels
130,CCCCCCC,1423,±1,1.2,,1.2,6.6,92.2,2,Ar,486,Species,CH,±5,431,15.3,Stanford,Horning_2001_thesis / Autoignition_ n_Alkane
179,CCCCCCC,1506,±1,2.36,±1,0.03,0.33,99.64,1,Ar,189,Species,OH,,306.7,15.3,Stanford,n_heptane_oxidation
175,CCCCCCC,1378,±1,2.326,±1,0.03,0.33,99.64,1,Ar,1330,Species,OH,,306.7,15.3,Stanford,n_heptane_oxidation
167,CCCCCCC,1546,±1,1.61,,0.05,0.55,99.4,1,Ar,162,Species,CH3,,216,15.3,Stanford,iso_octane_heptane
100,CCCCCCC,1476,±1,4.03,,0.4,4.4,95.2,1,Ar,90,Species,CH,±5,431,15.3,Stanford,Horning_2001_thesis / Autoignition_ n_Alkane
116,CCCCCCC,1386,±1,1.24,,1.75,19.7,78.55,1,Ar,177,Species,CH,±5,431,15.3,Stanford,Horning_2001_thesis / Autoignition_ n_Alkane
123,CCCCCCC,1375,±1,5.68,,0.4,4.4,95.2,1,Ar,271,Species,CH,±5,431,15.3,Stanford,Horning_2001_thesis / Autoignition_ n_Alkane
87,CCCCCCC,1529,±1,1.26,,0.4,2.2,97.4,2,Ar,442,Species,CH,±5,431,15.3,Stanford,Horning_2001_thesis / Autoignition_ n_Alkane
121,CCCCCCC,1432,±1,2.15,,0.2,2.2,97.6,1,Ar,345,Species,CH,±5,431,15.3,Stanford,Horning_2001_thesis / Autoignition_ n_Alkane
150,CCCCCCC,906,±1.8,19.87,,1.874,20.6,77.526,1,N2,1836,Species,OH,,306.7,5,Stanford,blend_surrogate_fuels
79,CCCCCCC,1476,±1,1.25,,0.36,4.4,95.24,0.9,Ar,163,Species,CH,±5,431,15.3,Stanford,Horning_2001_thesis / Autoignition_ n_Alkane
177,CCCCCCC,1494,±1,2.155,±1,0.03,0.33,99.64,1,Ar,308,Species,OH,,306.7,15.3,Stanford,n_heptane_oxidation
129,CCCCCCC,1419,±1,5.41,,0.4,4.4,95.2,1,Ar,158,Species,CH,±5,431,15.3,Stanford,Horning_2001_thesis / Autoignition_ n_Alkane
138,CCCCCCC,1710,,3.75,,0.03,0.33,99.64,1,Ar,49,Species,OH,±5,306.7,8.9,Stanford,n_Alkane_Oxidation
99,CCCCCCC,1412,±1,2.14,,0.4,4.4,95.2,1,Ar,265,Species,CH,±5,431,15.3,Stanford,Horning_2001_thesis / Autoignition_ n_Alkane
105,CCCCCCC,1378,±1,1.15,,0.8,8.8,90.4,1,Ar,385,Species,CH,±5,431,15.3,Stanford,Horning_2001_thesis / Autoignition_ n_Alkane
80,CCCCCCC,1486,±1,1.23,,0.4,4.4,95.2,1,Ar,159,Species,CH,±5,431,15.3,Stanford,Horning_2001_thesis / Autoignition_ n_Alkane
162,CCCCCCC,1057,±1.8,50,,1.874,20.6,77.526,1,N2,194,Species,OH,,306.7,5,Stanford,blend_surrogate_fuels
81,CCCCCCC,1458,±1,1.27,,0.4,4.4,95.2,1,Ar,208,Species,CH,±5,431,15.3,Stanford,Horning_2001_thesis / Autoignition_ n_Alkane
128,CCCCCCC,1442,±1,5.65,,0.4,4.4,95.2,1,Ar,117,Species,CH,±5,431,15.3,Stanford,Horning_2001_thesis / Autoignition_ n_Alkane
111,CCCCCCC,1409,±1,1.27,,1.2,13.2,85.6,1,Ar,179,Species,CH,±5,431,15.3,Stanford,Horning_2001_thesis / Autoignition_ n_Alkane
144,CCCCCCC,1236,±1.8,11.24,,1.874,20.6,77.526,1,N2,207,Species,OH,,306.7,5,Stanford,blend_surrogate_fuels
146,CCCCCCC,1344,±1.8,10.27,,1.874,20.6,77.526,1,N2,85,Species,OH,,306.7,5,Stanford,blend_surrogate_fuels
84,CCCCCCC,1413,±1,1.32,,0.4,8.8,90.8,0.5,Ar,121,Species,CH,±5,431,15.3,Stanford,Horning_2001_thesis / Autoignition_ n_Alkane
169,CCCCCCC,1230,±1,15.81,,0.1,2.2,97.7,0.5,Ar,698,Species,OH,,306.7,7.5,Stanford,n_heptane_methylcyclohexane
155,CCCCCCC,926,±1.8,60.6,,1.874,20.6,77.526,1,N2,233,Species,OH,,306.7,5,Stanford,blend_surrogate_fuels
174,CCCCCCC,1375,±1,2.282,±1,0.03,0.33,99.64,1,Ar,1661,Species,OH,,306.7,15.3,Stanford,n_heptane_oxidation
173,CCCCCCC,1368,±1,2.86,±1,0.03,0.33,99.64,1,Ar,1810,Species,OH,,306.7,15.3,Stanford,n_heptane_oxidation
148,CCCCCCC,806,±1.8,20,,1.874,20.6,77.526,1,N2,1377,Species,OH,,306.7,5,Stanford,blend_surrogate_fuels
141,CCCCCCC,1358,±1.8,1.85,,1.874,20.6,77.526,1,N2,152,Species,OH,,306.7,5,Stanford,blend_surrogate_fuels
187,CCCCCCCC,1384,±0.7,3.63,±1,0.32,4,95.68,1,Ar,285,Species,OH,±3,306,14.13,Stanford,Lam_2013_thesis / Normal_Alkanes_and_Simple_Oxygenates
188,CCCCCCCC,1319,±0.7,3.75,±1,0.32,4,95.68,1,Ar,614,Species,OH,±3,306,14.13,Stanford,Lam_2013_thesis / Normal_Alkanes_and_Simple_Oxygenates
183,CCCCCCCC,1385,±0.7,1.96,±1,0.32,4,95.68,1,Ar,390,Species,OH,±3,306,14.13,Stanford,Lam_2013_thesis / Normal_Alkanes_and_Simple_Oxygenates
194,CCCCCCCC,1380,±0.7,2.01,±1,0.16,4,95.84,0.5,Ar,220,Species,OH,±3,306,14.13,Stanford,Lam_2013_thesis / Normal_Alkanes_and_Simple_Oxygenates
193,CCCCCCCC,1252,±0.7,2.19,±1,0.16,4,95.84,0.5,Ar,1269,Species,OH,±3,306,14.13,Stanford,Lam_2013_thesis / Normal_Alkanes_and_Simple_Oxygenates
189,CCCCCCCC,1273,±0.7,3.81,±1,0.32,4,95.68,1,Ar,1064,Species,OH,±3,306,14.13,Stanford,Lam_2013_thesis / Normal_Alkanes_and_Simple_Oxygenates
186,CCCCCCCC,1421,±0.7,3.59,±1,0.32,4,95.68,1,Ar,210,Species,OH,±3,306,14.13,Stanford,Lam_2013_thesis / Normal_Alkanes_and_Simple_Oxygenates
180,CCCCCCCC,1325,±0.7,1.95,±1,0.32,4,95.68,1,Ar,859,Species,OH,±3,306,14.13,Stanford,Lam_2013_thesis / Normal_Alkanes_and_Simple_Oxygenates
185,CCCCCCCC,1282,±0.7,3.37,±1,0.32,4,95.68,1,Ar,1020,Species,OH,±3,306,14.13,Stanford,Lam_2013_thesis / Normal_Alkanes_and_Simple_Oxygenates
190,CCCCCCCC,1434,±0.7,1.91,±1,0.16,4,95.84,0.5,Ar,104,Species,OH,±3,306,14.13,Stanford,Lam_2013_thesis / Normal_Alkanes_and_Simple_Oxygenates
192,CCCCCCCC,1273,±0.7,2.07,±1,0.16,4,95.84,0.5,Ar,988,Species,OH,±3,306,14.13,Stanford,Lam_2013_thesis / Normal_Alkanes_and_Simple_Oxygenates
191,CCCCCCCC,1307,±0.7,1.98,±1,0.16,4,95.84,0.5,Ar,663,Species,OH,±3,306,14.13,Stanford,Lam_2013_thesis / Normal_Alkanes_and_Simple_Oxygenates
207,CCCCCCCCC,1350,±0.7,1.87,±1,0.143,4,95.857,0.5,Ar,317,Species,OH,±3,306,14.13,Stanford,Lam_2013_thesis / Normal_Alkanes_and_Simple_Oxygenates
202,CCCCCCCCC,1372,±0.7,3.58,±1,0.286,4,95.714,1,Ar,318,Species,OH,±3,306,14.13,Stanford,Lam_2013_thesis / Normal_Alkanes_and_Simple_Oxygenates
206,CCCCCCCCC,1331,±0.7,1.75,±1,0.143,4,95.857,0.5,Ar,421,Species,OH,±3,306,14.13,Stanford,Lam_2013_thesis / Normal_Alkanes_and_Simple_Oxygenates
201,CCCCCCCCC,1263,±0.7,3.46,±1,0.286,4,95.714,1,Ar,1237,Species,OH,±3,306,14.13,Stanford,Lam_2013_thesis / Normal_Alkanes_and_Simple_Oxygenates
205,CCCCCCCCC,1399,±0.7,1.78,±1,0.143,4,95.857,0.5,Ar,180,Species,OH,±3,306,14.13,Stanford,Lam_2013_thesis / Normal_Alkanes_and_Simple_Oxygenates
210,CCCCCCCCC,1284,±0.7,1.96,±1,0.143,4,95.857,0.5,Ar,781,Species,OH,±3,306,14.13,Stanford,Lam_2013_thesis / Normal_Alkanes_and_Simple_Oxygenates
199,CCCCCCCCC,1330,±0.7,1.91,±1,0.286,4,95.714,1,Ar,780,Species,OH,±3,306,14.13,Stanford,Lam_2013_thesis / Normal_Alkanes_and_Simple_Oxygenates
198,CCCCCCCCC,1367,±0.7,1.86,±1,0.286,4,95.714,1,Ar,499,Species,OH,±3,306,14.13,Stanford,Lam_2013_thesis / Normal_Alkanes_and_Simple_Oxygenates
209,CCCCCCCCC,1305,±0.7,1.92,±1,0.143,4,95.857,0.5,Ar,536,Species,OH,±3,306,14.13,Stanford,Lam_2013_thesis / Normal_Alkanes_and_Simple_Oxygenates
197,CCCCCCCCC,1384,±0.7,1.8,±1,0.286,4,95.714,1,Ar,382,Species,OH,±3,306,14.13,Stanford,Lam_2013_thesis / Normal_Alkanes_and_Simple_Oxygenates
212,CCCCCCCCC,1470,±0.7,1.82,±1,0.143,4,95.857,0.5,Ar,93,Species,OH,±3,306,14.13,Stanford,Lam_2013_thesis / Normal_Alkanes_and_Simple_Oxygenates
229,CCCCCCCCCC,1404, ±1.5,2.2,,0.2,3.1,96.7,1,Ar,238,Species,CH,±5,431,8.9,Stanford,n_Alkane_Oxidation
216,CCCCCCCCCC,1456, ±1.5,1.24,,0.2,3.1,96.7,1,Ar,235,Species,CH,±5,431,15.3,Stanford,Horning_2001_thesis / Autoignition_ n_Alkane
224,CCCCCCCCCC,1462, ±1.5,2.11,,0.03,0.5817,99.3883,0.8,Ar,206,Species,CH,±5,431,8.9,Stanford,n_Alkane_Oxidation
233,CCCCCCCCCC,1081, ±2,5.14, ±9.6,1.44,21,77.56,1.06,N2,1696,Species,CH, ±9.6,430,15.3,Stanford,Haylett_2011_thesis
222,CCCCCCCCCC,1661, ±1.5,2.08,,0.03,0.465,99.505,1,Ar,87,Species,CH,±5,431,8.9,Stanford,n_Alkane_Oxidation
236,CCCCCCCCCC,1109, ±2,4.56, ±9.6,1.472,21,77.528,1.09,N2,1358,Species,CH, ±9.6,430,15.3,Stanford,Haylett_2011_thesis
213,CCCCCCCCCC,1470, ±1.5,1.23,,0.2,3.1,96.7,1,Ar,180,Species,CH,±5,431,15.3,Stanford,Horning_2001_thesis / Autoignition_ n_Alkane
225,CCCCCCCCCC,1526, ±1.5,2.03,,0.03,0.5817,99.3883,0.8,Ar,83,Species,CH,±5,431,8.9,Stanford,n_Alkane_Oxidation
220,CCCCCCCCCC,1525, ±1.5,2.21,,0.03,0.465,99.505,1,Ar,154,Species,CH,±5,431,8.9,Stanford,n_Alkane_Oxidation
230,CCCCCCCCCC,1327, ±1.5,1.69,,0.0334,0.813,99.1536,0.64,Ar,1099,Species,CH,±5,431,8.9,Stanford,n_Alkane_Oxidation
215,CCCCCCCCCC,1397, ±1.5,1.26,,0.2,3.1,96.7,1,Ar,480,Species,CH,±5,431,15.3,Stanford,Horning_2001_thesis / Autoignition_ n_Alkane
221,CCCCCCCCCC,1574, ±1.5,2.12,,0.03,0.465,99.505,1,Ar,119,Species,CH,±5,431,8.9,Stanford,n_Alkane_Oxidation
223,CCCCCCCCCC,1706, ±1.5,2.15,,0.03,0.465,99.505,1,Ar,37,Species,CH,±5,431,8.9,Stanford,n_Alkane_Oxidation
232,CCCCCCCCCC,1524, ±1.5,1.61,,0.0365,0.813,99.1505,0.7,Ar,144,Species,CH,±5,431,8.9,Stanford,n_Alkane_Oxidation
341,CCCCCCCCCCCC,1415,,2.47,,0.0456,0.7657,99.1887,1,N2,790,Speceis,CH,,430,15.3,Stanford,n_Dodecane_Nano
303,CCCCCCCCCCCC,1173,,6.7,,0.57,21,78.43,0.5,N2,475,Speceis,CH,,430,15.3,Stanford,n_Dodecane_Nano
359,CCCCCCCCCCCC,773,±1,28.7,,1.123,20.77,78.107,1,N2,556,Species,OH,±5,306,5,Stanford,n_Dodecane / Vasu_2010_thesis
266,CCCCCCCCCCCC,1284,±1,6.42,±9.3,0.8276,21,78.1724,0.73,Ar,80,Speceis,CH,,430,15.3,Stanford,aerosol_shock_tube / aerosol_shock_tube_low pressure / Second_generation_confo / Second_Generation_shock_tube 
338,CCCCCCCCCCCC,1645,,2.13,,0.0428,0.7452,99.212,1,N2,91,Speceis,CH,,430,15.3,Stanford,n_Dodecane_Nano
362,CCCCCCCCCCCC,855,±1,25.9,,1.123,20.77,78.107,1,N2,875,Species,OH,±5,306,5,Stanford,n_Dodecane / Vasu_2010_thesis
271,CCCCCCCCCCCC,1086,±1,6.32,±9.3,0.5655,21,78.4345,0.5,Ar,1422,Speceis,CH,,430,15.3,Stanford,aerosol_shock_tube / aerosol_shock_tube_low pressure / Second_generation_confo / Second_Generation_shock_tube 
331,CCCCCCCCCCCC,1381,,2.32,,0.0485,0.75,99.2015,1,N2,1020,Speceis,CH,,430,15.3,Stanford,n_Dodecane_Nano
321,CCCCCCCCCCCC,1637,,2.26,,0.043,0.75,99.207,1,N2,36,Speceis,CH,,430,15.3,Stanford,n_Dodecane_Nano
381,CCCCCCCCCCCC,1123,±1,24,,1.123,20.77,78.107,1,N2,262,Species,OH,±5,306,5,Stanford,n_Dodecane / Vasu_2010_thesis
239,CCCCCCCCCCCC,1050,±1,7.88,±9.3,0.9365,21,78.0635,0.82,N2,1034,Speceis,CH,,430,15.3,Stanford,aerosol_shock_tube / aerosol_shock_tube_low pressure / Second_generation_confo / Second_Generation_shock_tube 
393,CCCCCCCCCCCC,1211,±1,16.13,,0.1,3.725,96.175,0.5,N2,534,Species,OH,±5,306,5,Stanford,n_Dodecane / Vasu_2010_thesis
240,CCCCCCCCCCCC,1084,±1,8.02,±9.3,0.7871,21,78.2129,0.69,N2,738,Speceis,CH,,430,15.3,Stanford,aerosol_shock_tube / aerosol_shock_tube_low pressure / Second_generation_confo / Second_Generation_shock_tube 
387,CCCCCCCCCCCC,1186,±1,15.38,,0.1,3.596,96.304,0.5,N2,822,Species,OH,±5,306,5,Stanford,n_Dodecane / Vasu_2010_thesis
345,CCCCCCCCCCCC,910,±1,22.7,,0.565,20.89,78.545,0.5,N2,2134,Species,OH,±5,306,5,Stanford,n_Dodecane / Vasu_2010_thesis
292,CCCCCCCCCCCC,1147,±1,4.97,±9.3,1.276,21,77.724,1.12,Ar,357,Speceis,CH,,430,15.3,Stanford,aerosol_shock_tube / aerosol_shock_tube_low pressure / Second_generation_confo / Second_Generation_shock_tube 
308,CCCCCCCCCCCC,1224,,6.7,,0.57,21,78.43,0.5,N2,253,Speceis,CH,,430,15.3,Stanford,n_Dodecane_Nano
281,CCCCCCCCCCCC,943,±1,5.21,±9.3,1.28,21,77.72,1.13,Ar,3804,Speceis,CH,,430,15.3,Stanford,aerosol_shock_tube / aerosol_shock_tube_low pressure / Second_generation_confo / Second_Generation_shock_tube 
238,CCCCCCCCCCCC,1127,±1,6.12,±9.3,0.6844,21,78.3156,0.6,N2,797,Speceis,CH,,430,15.3,Stanford,aerosol_shock_tube / aerosol_shock_tube_low pressure / Second_generation_confo / Second_Generation_shock_tube 
335,CCCCCCCCCCCC,1466,,2.26,,0.0476,0.7525,99.1999,1,N2,438,Speceis,CH,,430,15.3,Stanford,n_Dodecane_Nano
284,CCCCCCCCCCCC,1061,±1,4.1,±9.3,1.116,21,77.884,0.98,Ar,959,Speceis,CH,,430,15.3,Stanford,aerosol_shock_tube / aerosol_shock_tube_low pressure / Second_generation_confo / Second_Generation_shock_tube 
287,CCCCCCCCCCCC,1192,±1,4.57,±9.3,0.875,21,78.125,0.77,Ar,246,Speceis,CH,,430,15.3,Stanford,aerosol_shock_tube / aerosol_shock_tube_low pressure / Second_generation_confo / Second_Generation_shock_tube 
280,CCCCCCCCCCCC,921,±1,4.86,±9.3,1.231,21,77.769,1.08,Ar,6085,Speceis,CH,,430,15.3,Stanford,aerosol_shock_tube / aerosol_shock_tube_low pressure / Second_generation_confo / Second_Generation_shock_tube 
364,CCCCCCCCCCCC,907,±1,23.4,,1.123,20.77,78.107,1,N2,1081,Species,OH,±5,306,5,Stanford,n_Dodecane / Vasu_2010_thesis
242,CCCCCCCCCCCC,1179,±1,8.53,±9.3,0.9497,21,78.0503,0.84,N2,220,Speceis,CH,,430,15.3,Stanford,aerosol_shock_tube / aerosol_shock_tube_low pressure / Second_generation_confo / Second_Generation_shock_tube 
346,CCCCCCCCCCCC,943,±1,18.1,,0.565,20.89,78.545,0.5,N2,2276,Species,OH,±5,306,5,Stanford,n_Dodecane / Vasu_2010_thesis
379,CCCCCCCCCCCC,1109,±1,23,,1.123,20.77,78.107,1,N2,278,Species,OH,±5,306,5,Stanford,n_Dodecane / Vasu_2010_thesis
391,CCCCCCCCCCCC,1252,±1,15.08,,0.05146,1.911,98.03754,0.5,N2,713,Species,OH,±5,306,5,Stanford,n_Dodecane / Vasu_2010_thesis
282,CCCCCCCCCCCC,932,±1,4.98,±9.3,1.24,21,77.76,1.09,Ar,4627,Speceis,CH,,430,15.3,Stanford,aerosol_shock_tube / aerosol_shock_tube_low pressure / Second_generation_confo / Second_Generation_shock_tube 
376,CCCCCCCCCCCC,1087,±1,19.4,,1.123,20.77,78.107,1,N2,403,Species,OH,±5,306,5,Stanford,n_Dodecane / Vasu_2010_thesis
342,CCCCCCCCCCCC,747,±1,26,,0.565,20.89,78.545,0.5,N2,2243,Species,OH,±5,306,5,Stanford,n_Dodecane / Vasu_2010_thesis
396,CCCCCCCCCCCC,1221,±1,15.45,,0.075,2.786,97.139,0.5,N2,685,Species,OH,±5,306,5,Stanford,n_Dodecane / Vasu_2010_thesis
388,CCCCCCCCCCCC,1158,±1,15.19,,0.1,3.596,96.304,0.5,N2,1181,Species,OH,±5,306,5,Stanford,n_Dodecane / Vasu_2010_thesis
304,CCCCCCCCCCCC,1175,,6.7,,0.57,21,78.43,0.5,N2,675,Speceis,CH,,430,15.3,Stanford,n_Dodecane_Nano
310,CCCCCCCCCCCC,1249,,6.7,,0.57,21,78.43,0.5,N2,84,Speceis,CH,,430,15.3,Stanford,n_Dodecane_Nano
370,CCCCCCCCCCCC,987,±1,22,,1.123,20.77,78.107,1,N2,699,Species,OH,±5,306,5,Stanford,n_Dodecane / Vasu_2010_thesis
290,CCCCCCCCCCCC,1035,±1,4.43,±9.3,0.83,21,78.17,0.73,Ar,1803,Speceis,CH,,430,15.3,Stanford,aerosol_shock_tube / aerosol_shock_tube_low pressure / Second_generation_confo / Second_Generation_shock_tube 
264,CCCCCCCCCCCC,1191,±1,6.4,±9.3,0.589,21,78.411,0.52,Ar,550,Speceis,CH,,430,15.3,Stanford,aerosol_shock_tube / aerosol_shock_tube_low pressure / Second_generation_confo / Second_Generation_shock_tube 
295,CCCCCCCCCCCC,1011,±1,6.57,±9.3,1.179,21,77.821,1.04,Ar,1100,Speceis,CH,,430,15.3,Stanford,aerosol_shock_tube / aerosol_shock_tube_low pressure / Second_generation_confo / Second_Generation_shock_tube 
340,CCCCCCCCCCCC,1394,,2.3,,0.043,0.731,99.226,1,N2,1463,Speceis,CH,,430,15.3,Stanford,n_Dodecane_Nano
276,CCCCCCCCCCCC,1319,±1,5.78,±9.3,0.4595,21,78.5405,0.4,Ar,181,Speceis,CH,,430,15.3,Stanford,aerosol_shock_tube / aerosol_shock_tube_low pressure / Second_generation_confo / Second_Generation_shock_tube 
386,CCCCCCCCCCCC,1196,±1,15.77,,0.1,3.596,96.304,0.5,N2,701,Species,OH,±5,306,5,Stanford,n_Dodecane / Vasu_2010_thesis
329,CCCCCCCCCCCC,1450,,2.26,,0.0475,0.75,99.2025,1,N2,461,Speceis,CH,,430,15.3,Stanford,n_Dodecane_Nano
315,CCCCCCCCCCCC,1403,,2.41,,0.0445,0.75,99.2055,1,N2,586,Speceis,CH,,430,15.3,Stanford,n_Dodecane_Nano
358,CCCCCCCCCCCC,727,±1,27,,1.123,20.77,78.107,1,N2,809,Species,OH,±5,306,5,Stanford,n_Dodecane / Vasu_2010_thesis
297,CCCCCCCCCCCC,958,±1,6.57,±9.3,1.169,21,77.831,1.03,Ar,2041,Speceis,CH,,430,15.3,Stanford,aerosol_shock_tube / aerosol_shock_tube_low pressure / Second_generation_confo / Second_Generation_shock_tube 
286,CCCCCCCCCCCC,976,±1,4.49,±9.3,1,21,78,0.88,Ar,2555,Speceis,CH,,430,15.3,Stanford,aerosol_shock_tube / aerosol_shock_tube_low pressure / Second_generation_confo / Second_Generation_shock_tube 
349,CCCCCCCCCCCC,1049,±1,18.9,,0.565,20.89,78.545,0.5,N2,839,Species,OH,±5,306,5,Stanford,n_Dodecane / Vasu_2010_thesis
254,CCCCCCCCCCCC,1025,±1,6.06,±9.3,1.659,21,77.341,1.46,Ar,543,Speceis,CH,,430,15.3,Stanford,aerosol_shock_tube / aerosol_shock_tube_low pressure / Second_generation_confo / Second_Generation_shock_tube 
305,CCCCCCCCCCCC,1187,,7.1,,0.21,21,78.79,0.18,N2,793,Speceis,CH,,430,15.3,Stanford,n_Dodecane_Nano
260,CCCCCCCCCCCC,932,±1,6.01,±9.3,1.494,21,77.506,1.32,Ar,1559,Speceis,CH,,430,15.3,Stanford,aerosol_shock_tube / aerosol_shock_tube_low pressure / Second_generation_confo / Second_Generation_shock_tube 
288,CCCCCCCCCCCC,1118,±1,4.88,±9.3,0.8929,21,78.1071,0.79,Ar,587,Speceis,CH,,430,15.3,Stanford,aerosol_shock_tube / aerosol_shock_tube_low pressure / Second_generation_confo / Second_Generation_shock_tube 
351,CCCCCCCCCCCC,1082,±1,18.4,,0.565,20.89,78.545,0.5,N2,566,Species,OH,±5,306,5,Stanford,n_Dodecane / Vasu_2010_thesis
319,CCCCCCCCCCCC,1528,,2.24,,0.047,0.75,99.203,1,N2,116,Speceis,CH,,430,15.3,Stanford,n_Dodecane_Nano
272,CCCCCCCCCCCC,1107,±1,6.25,±9.3,0.5533,21,78.4467,0.49,Ar,1200,Speceis,CH,,430,15.3,Stanford,aerosol_shock_tube / aerosol_shock_tube_low pressure / Second_generation_confo / Second_Generation_shock_tube 
262,CCCCCCCCCCCC,1134,±1,5.2,±9.3,0.0662,21,78.9338,0.06,Ar,2006,Speceis,CH,,430,15.3,Stanford,aerosol_shock_tube / aerosol_shock_tube_low pressure / Second_generation_confo / Second_Generation_shock_tube 
334,CCCCCCCCCCCC,1387,,2.34,,0.05,0.7489,99.2011,1,N2,1197,Speceis,CH,,430,15.3,Stanford,n_Dodecane_Nano
253,CCCCCCCCCCCC,979,±1,5.04,±9.3,2.138,21,76.862,1.88,Ar,306,Speceis,CH,,430,15.3,Stanford,aerosol_shock_tube / aerosol_shock_tube_low pressure / Second_generation_confo / Second_Generation_shock_tube 
246,CCCCCCCCCCCC,1163,±1,4.93,±9.3,0.2534,21,78.7466,0.22,Ar,1800,Speceis,CH,,430,15.3,Stanford,aerosol_shock_tube / aerosol_shock_tube_low pressure / Second_generation_confo / Second_Generation_shock_tube 
296,CCCCCCCCCCCC,940,±1,7,±9.3,1.166,21,77.834,1.03,Ar,2599,Speceis,CH,,430,15.3,Stanford,aerosol_shock_tube / aerosol_shock_tube_low pressure / Second_generation_confo / Second_Generation_shock_tube 
250,CCCCCCCCCCCC,903,±1,5,±9.3,0.9297,21,78.0703,0.82,Ar,7825,Speceis,CH,,430,15.3,Stanford,aerosol_shock_tube / aerosol_shock_tube_low pressure / Second_generation_confo / Second_Generation_shock_tube 
385,CCCCCCCCCCCC,1217,±1,16.07,,0.1,3.596,96.304,0.5,N2,508,Species,OH,±5,306,5,Stanford,n_Dodecane / Vasu_2010_thesis
369,CCCCCCCCCCCC,978,±1,22.9,,1.123,20.77,78.107,1,N2,912,Species,OH,±5,306,5,Stanford,n_Dodecane / Vasu_2010_thesis
363,CCCCCCCCCCCC,869,±1,22.5,,1.123,20.77,78.107,1,N2,1040,Species,OH,±5,306,5,Stanford,n_Dodecane / Vasu_2010_thesis
248,CCCCCCCCCCCC,1078,±1,4,±9.3,0.2074,21,78.7926,0.18,Ar,5605,Speceis,CH,,430,15.3,Stanford,aerosol_shock_tube / aerosol_shock_tube_low pressure / Second_generation_confo / Second_Generation_shock_tube 
306,CCCCCCCCCCCC,1141,,6.7,,0.57,21,78.43,0.5,N2,680,Speceis,CH,,430,15.3,Stanford,n_Dodecane_Nano
360,CCCCCCCCCCCC,818,±1,26.9,,1.123,20.77,78.107,1,N2,881,Species,OH,±5,306,5,Stanford,n_Dodecane / Vasu_2010_thesis
314,CCCCCCCCCCCC,1330,,2.25,,0.0445,0.75,99.2055,1,N2,1592,Speceis,CH,,430,15.3,Stanford,n_Dodecane_Nano
311,CCCCCCCCCCCC,1108,,6.7,,0.57,21,78.43,0.5,N2,1339,Speceis,CH,,430,15.3,Stanford,n_Dodecane_Nano
336,CCCCCCCCCCCC,1427,,2.07,,0.051,0.7572,99.1918,1,N2,655,Speceis,CH,,430,15.3,Stanford,n_Dodecane_Nano
263,CCCCCCCCCCCC,1172,±1,6.19,±9.3,0.5336,21,78.4664,0.47,Ar,524,Speceis,CH,,430,15.3,Stanford,aerosol_shock_tube / aerosol_shock_tube_low pressure / Second_generation_confo / Second_Generation_shock_tube 
245,CCCCCCCCCCCC,1209,±1,4.64,±9.3,0.186,21,78.814,0.16,Ar,926,Speceis,CH,,430,15.3,Stanford,aerosol_shock_tube / aerosol_shock_tube_low pressure / Second_generation_confo / Second_Generation_shock_tube 
251,CCCCCCCCCCCC,1241,±1,4.79,±9.3,0.3488,21,78.6512,0.31,Ar,337,Speceis,CH,,430,15.3,Stanford,aerosol_shock_tube / aerosol_shock_tube_low pressure / Second_generation_confo / Second_Generation_shock_tube 
324,CCCCCCCCCCCC,1657,,2.12,,0.0485,0.75,99.2015,1,N2,56,Speceis,CH,,430,15.3,Stanford,n_Dodecane_Nano
291,CCCCCCCCCCCC,1003,±1,4.68,±9.3,0.742,21,78.258,0.65,Ar,4081,Speceis,CH,,430,15.3,Stanford,aerosol_shock_tube / aerosol_shock_tube_low pressure / Second_generation_confo / Second_Generation_shock_tube 
307,CCCCCCCCCCCC,1187,,6.7,,0.57,21,78.43,0.5,N2,395,Speceis,CH,,430,15.3,Stanford,n_Dodecane_Nano
344,CCCCCCCCCCCC,873,±1,23.1,,0.565,20.89,78.545,0.5,N2,1918,Species,OH,±5,306,5,Stanford,n_Dodecane / Vasu_2010_thesis
243,CCCCCCCCCCCC,1167,±1,7.88,±9.3,1.0246,21,77.9754,0.9,N2,215,Speceis,CH,,430,15.3,Stanford,aerosol_shock_tube / aerosol_shock_tube_low pressure / Second_generation_confo / Second_Generation_shock_tube 
373,CCCCCCCCCCCC,1008,±1,22.4,,1.123,20.77,78.107,1,N2,570,Species,OH,±5,306,5,Stanford,n_Dodecane / Vasu_2010_thesis
365,CCCCCCCCCCCC,942,±1,21,,1.123,20.77,78.107,1,N2,1116,Species,OH,±5,306,5,Stanford,n_Dodecane / Vasu_2010_thesis
384,CCCCCCCCCCCC,1230,±1,16.73,,0.1,3.596,96.304,0.5,N2,429,Species,OH,±5,306,5,Stanford,n_Dodecane / Vasu_2010_thesis
389,CCCCCCCCCCCC,1322,±1,15.52,,0.05146,1.911,98.03754,0.5,N2,293,Species,OH,±5,306,5,Stanford,n_Dodecane / Vasu_2010_thesis
275,CCCCCCCCCCCC,1345,±1,5.92,±9.3,0.6297,21,78.3703,0.55,Ar,123,Speceis,CH,,430,15.3,Stanford,aerosol_shock_tube / aerosol_shock_tube_low pressure / Second_generation_confo / Second_Generation_shock_tube 
309,CCCCCCCCCCCC,1243,,7.53,,0.39,21,78.61,0.34,N2,130,Speceis,CH,,430,15.3,Stanford,n_Dodecane_Nano
241,CCCCCCCCCCCC,1114,±1,8.5,±9.3,0.6885,21,78.3115,0.61,N2,640,Speceis,CH,,430,15.3,Stanford,aerosol_shock_tube / aerosol_shock_tube_low pressure / Second_generation_confo / Second_Generation_shock_tube 
361,CCCCCCCCCCCC,822,±1,23.3,,1.123,20.77,78.107,1,N2,805,Species,OH,±5,306,5,Stanford,n_Dodecane / Vasu_2010_thesis
354,CCCCCCCCCCCC,1118,±1,20.3,,0.565,20.89,78.545,0.5,N2,346,Species,OH,±5,306,5,Stanford,n_Dodecane / Vasu_2010_thesis
274,CCCCCCCCCCCC,1140,±1,6.07,±9.3,0.576,21,78.424,0.51,Ar,820,Speceis,CH,,430,15.3,Stanford,aerosol_shock_tube / aerosol_shock_tube_low pressure / Second_generation_confo / Second_Generation_shock_tube 
328,CCCCCCCCCCCC,1612,,2.09,,0.047,0.75,99.203,1,N2,80,Speceis,CH,,430,15.3,Stanford,n_Dodecane_Nano
256,CCCCCCCCCCCC,1112,±1,5.65,±9.3,0.1905,21,78.8095,0.17,Ar,2281,Speceis,CH,,430,15.3,Stanford,aerosol_shock_tube / aerosol_shock_tube_low pressure / Second_generation_confo / Second_Generation_shock_tube 
356,CCCCCCCCCCCC,1163,±1,21.2,,0.565,20.89,78.545,0.5,N2,213,Species,OH,±5,306,5,Stanford,n_Dodecane / Vasu_2010_thesis
298,CCCCCCCCCCCC,921,±1,6.25,±9.3,0.9985,21,78.0015,0.88,Ar,5556,Speceis,CH,,430,15.3,Stanford,aerosol_shock_tube / aerosol_shock_tube_low pressure / Second_generation_confo / Second_Generation_shock_tube 
372,CCCCCCCCCCCC,992,±1,20.4,,1.123,20.77,78.107,1,N2,739,Species,OH,±5,306,5,Stanford,n_Dodecane / Vasu_2010_thesis
383,CCCCCCCCCCCC,1135,±1,20.6,,1.123,20.77,78.107,1,N2,178,Species,OH,±5,306,5,Stanford,n_Dodecane / Vasu_2010_thesis
318,CCCCCCCCCCCC,1477,,2.25,,0.05,0.75,99.2,1,N2,216,Speceis,CH,,430,15.3,Stanford,n_Dodecane_Nano
268,CCCCCCCCCCCC,1045,±1,6.71,±9.3,0.6098,21,78.3902,0.54,Ar,2753,Speceis,CH,,430,15.3,Stanford,aerosol_shock_tube / aerosol_shock_tube_low pressure / Second_generation_confo / Second_Generation_shock_tube 
244,CCCCCCCCCCCC,1168,±1,6.37,±9.3,0.7339,21,78.2661,0.65,Ar,484,Speceis,CH,,430,15.3,Stanford,aerosol_shock_tube / aerosol_shock_tube_low pressure / Second_generation_confo / Second_Generation_shock_tube 
269,CCCCCCCCCCCC,1068,±1,6.4,±9.3,0.516,21,78.484,0.45,Ar,2126,Speceis,CH,,430,15.3,Stanford,aerosol_shock_tube / aerosol_shock_tube_low pressure / Second_generation_confo / Second_Generation_shock_tube 
270,CCCCCCCCCCCC,1078,±1,6.32,±9.3,0.5023,21,78.4977,0.44,Ar,1624,Speceis,CH,,430,15.3,Stanford,aerosol_shock_tube / aerosol_shock_tube_low pressure / Second_generation_confo / Second_Generation_shock_tube 
392,CCCCCCCCCCCC,1219,±1,16.1,,0.1,3.725,96.175,0.5,N2,485,Species,OH,±5,306,5,Stanford,n_Dodecane / Vasu_2010_thesis
355,CCCCCCCCCCCC,1149,±1,21,,0.565,20.89,78.545,0.5,N2,261,Species,OH,±5,306,5,Stanford,n_Dodecane / Vasu_2010_thesis
382,CCCCCCCCCCCC,1125,±1,18.7,,1.123,20.77,78.107,1,N2,188,Species,OH,±5,306,5,Stanford,n_Dodecane / Vasu_2010_thesis
301,CCCCCCCCCCCC,1126,,6.7,,0.57,21,78.43,0.5,N2,1069,Speceis,CH,,430,15.3,Stanford,n_Dodecane_Nano
327,CCCCCCCCCCCC,1583,,2.14,,0.045,0.75,99.205,1,N2,90,Speceis,CH,,430,15.3,Stanford,n_Dodecane_Nano
380,CCCCCCCCCCCC,1118,±1,33.7,,1.123,20.77,78.107,1,N2,183,Species,OH,±5,306,5,Stanford,n_Dodecane / Vasu_2010_thesis
278,CCCCCCCCCCCC,1124,±1,8.24,±9.3,0.6972,21,78.3028,0.61,Ar,702,Speceis,CH,,430,15.3,Stanford,aerosol_shock_tube / aerosol_shock_tube_low pressure / Second_generation_confo / Second_Generation_shock_tube 
249,CCCCCCCCCCCC,976,±1,4.87,±9.3,0.4056,21,78.5944,0.36,Ar,6220,Speceis,CH,,430,15.3,Stanford,aerosol_shock_tube / aerosol_shock_tube_low pressure / Second_generation_confo / Second_Generation_shock_tube 
247,CCCCCCCCCCCC,1192,±1,5.06,±9.3,0.3437,21,78.6563,0.3,Ar,1110,Speceis,CH,,430,15.3,Stanford,aerosol_shock_tube / aerosol_shock_tube_low pressure / Second_generation_confo / Second_Generation_shock_tube 
332,CCCCCCCCCCCC,1553,,2.25,,0.05,0.7776,99.1724,1,N2,276,Speceis,CH,,430,15.3,Stanford,n_Dodecane_Nano
252,CCCCCCCCCCCC,1351,±1,4.51,±9.3,0.2064,21,78.7936,0.18,Ar,233,Speceis,CH,,430,15.3,Stanford,aerosol_shock_tube / aerosol_shock_tube_low pressure / Second_generation_confo / Second_Generation_shock_tube 
350,CCCCCCCCCCCC,1054,±1,20.1,,0.565,20.89,78.545,0.5,N2,788,Species,OH,±5,306,5,Stanford,n_Dodecane / Vasu_2010_thesis
377,CCCCCCCCCCCC,1102,±1,20.8,,1.123,20.77,78.107,1,N2,268,Species,OH,±5,306,5,Stanford,n_Dodecane / Vasu_2010_thesis
316,CCCCCCCCCCCC,1406,,2.37,,0.047,0.75,99.203,1,N2,571,Speceis,CH,,430,15.3,Stanford,n_Dodecane_Nano
337,CCCCCCCCCCCC,1545,,2.07,,0.0505,0.7427,99.2068,1,N2,262,Speceis,CH,,430,15.3,Stanford,n_Dodecane_Nano
394,CCCCCCCCCCCC,1179,±1,15.93,,0.1,3.725,96.175,0.5,N2,847,Species,OH,±5,306,5,Stanford,n_Dodecane / Vasu_2010_thesis
313,CCCCCCCCCCCC,1238,,6.7,,0.57,21,78.43,0.5,N2,109,Speceis,CH,,430,15.3,Stanford,n_Dodecane_Nano
279,CCCCCCCCCCCC,993,±1,4.23,±9.3,0.6795,21,78.3205,0.6,Ar,5732,Speceis,CH,,430,15.3,Stanford,aerosol_shock_tube / aerosol_shock_tube_low pressure / Second_generation_confo / Second_Generation_shock_tube 
258,CCCCCCCCCCCC,939,±1,6.31,±9.3,1.802,21,77.198,1.59,Ar,544,Speceis,CH,,430,15.3,Stanford,aerosol_shock_tube / aerosol_shock_tube_low pressure / Second_generation_confo / Second_Generation_shock_tube 
317,CCCCCCCCCCCC,1430,,2.33,,0.0445,0.75,99.2055,1,N2,349,Speceis,CH,,430,15.3,Stanford,n_Dodecane_Nano
257,CCCCCCCCCCCC,838,±1,6.26,±9.3,1.504,21,77.496,1.32,Ar,5352,Speceis,CH,,430,15.3,Stanford,aerosol_shock_tube / aerosol_shock_tube_low pressure / Second_generation_confo / Second_Generation_shock_tube 
293,CCCCCCCCCCCC,1220,±1,8.63,±9.3,0.4879,21,78.5121,0.43,Ar,292,Speceis,CH,,430,15.3,Stanford,aerosol_shock_tube / aerosol_shock_tube_low pressure / Second_generation_confo / Second_Generation_shock_tube 
289,CCCCCCCCCCCC,1146,±1,4.01,±9.3,0.5656,21,78.4344,0.5,Ar,1027,Speceis,CH,,430,15.3,Stanford,aerosol_shock_tube / aerosol_shock_tube_low pressure / Second_generation_confo / Second_Generation_shock_tube 
330,CCCCCCCCCCCC,1496,,2.22,,0.048,0.75,99.202,1,N2,242,Speceis,CH,,430,15.3,Stanford,n_Dodecane_Nano
273,CCCCCCCCCCCC,1118,±1,6.18,±9.3,0.5678,21,78.4322,0.5,Ar,1081,Speceis,CH,,430,15.3,Stanford,aerosol_shock_tube / aerosol_shock_tube_low pressure / Second_generation_confo / Second_Generation_shock_tube 
395,CCCCCCCCCCCC,1222,±1,15.84,,0.075,2.786,97.139,0.5,N2,625,Species,OH,±5,306,5,Stanford,n_Dodecane / Vasu_2010_thesis
333,CCCCCCCCCCCC,1407,,2.28,,0.046,0.7617,99.1923,1,N2,791,Speceis,CH,,430,15.3,Stanford,n_Dodecane_Nano
259,CCCCCCCCCCCC,964,±1,5.82,±9.3,1.289,21,77.711,1.14,Ar,1175,Speceis,CH,,430,15.3,Stanford,aerosol_shock_tube / aerosol_shock_tube_low pressure / Second_generation_confo / Second_Generation_shock_tube 
375,CCCCCCCCCCCC,1036,±1,22.1,,1.123,20.77,78.107,1,N2,432,Species,OH,±5,306,5,Stanford,n_Dodecane / Vasu_2010_thesis
398,CCCCCCCCCCCC,1422,±1,15.5,,0.1,3.7,96.2,0.5,N2,30,Species,OH,±5,306,5,Stanford,n_Dodecane / Vasu_2010_thesis
300,CCCCCCCCCCCC,1049,±1,5.76,±9.3,0.5734,21,78.4266,0.51,Ar,2581,Speceis,CH,,430,15.3,Stanford,aerosol_shock_tube / aerosol_shock_tube_low pressure / Second_generation_confo / Second_Generation_shock_tube 
339,CCCCCCCCCCCC,1618,,2.14,,0.048,0.7635,99.1885,1,N2,96,Speceis,CH,,430,15.3,Stanford,n_Dodecane_Nano
283,CCCCCCCCCCCC,954,±1,5.05,±9.3,1.158,21,77.842,1.02,Ar,4169,Speceis,CH,,430,15.3,Stanford,aerosol_shock_tube / aerosol_shock_tube_low pressure / Second_generation_confo / Second_Generation_shock_tube 
265,CCCCCCCCCCCC,1249,±1,6.23,±9.3,0.7572,21,78.2428,0.67,Ar,114,Speceis,CH,,430,15.3,Stanford,aerosol_shock_tube / aerosol_shock_tube_low pressure / Second_generation_confo / Second_Generation_shock_tube 
353,CCCCCCCCCCCC,1117,±1,30.9,,0.565,20.89,78.545,0.5,N2,266,Species,OH,±5,306,5,Stanford,n_Dodecane / Vasu_2010_thesis
37,CCCCCCCCCCCCCCCC,1333,±2,6.77,,0.0493,1,98.9507,1.21,Ar,917,Species,CH,±2,431,15.3,Stanford,n_hexadecane / hexadecane_diesel/Haylett_2011_thesis
38,CCCCCCCCCCCCCCCC,1327,±2,6.46,,0.1832,4,95.8168,1.12,Ar,360,Species,CH,±2,431,15.3,Stanford,n_hexadecane / hexadecane_diesel/Haylett_2011_thesis
39,CCCCCCCCCCCCCCCC,1355,±2,4.19,,0.1023,4,95.8977,0.63,Ar,212,Species,CH,±2,431,15.3,Stanford,n_hexadecane / hexadecane_diesel/Haylett_2011_thesis
40,CCCCCCCCCCCCCCCC,1183,±2,2.05,,0.1207,4,95.8793,0.74,Ar,4264,Species,CH,±2,431,15.3,Stanford,n_hexadecane / hexadecane_diesel/Haylett_2011_thesis
41,CCCCCCCCCCCCCCCC,1159,±2,2.06,,0.092,4,95.908,0.56,Ar,3870,Species,CH,±2,431,15.3,Stanford,n_hexadecane / hexadecane_diesel/Haylett_2011_thesis
42,CCCCCCCCCCCCCCCC,1181,±2,2.13,,0.1776,4,95.8224,1.09,Ar,5536,Species,CH,±2,431,15.3,Stanford,n_hexadecane / hexadecane_diesel/Haylett_2011_thesis
43,CCCCCCCCCCCCCCCC,1266,±2,1.94,,0.1168,4,95.8832,0.72,Ar,1122,Species,CH,±2,431,15.3,Stanford,n_hexadecane / hexadecane_diesel/Haylett_2011_thesis
44,CCCCCCCCCCCCCCCC,1212,±2,1.91,,0.0909,4,95.9091,0.56,Ar,2270,Species,CH,±2,431,15.3,Stanford,n_hexadecane / hexadecane_diesel/Haylett_2011_thesis
45,CCCCCCCCCCCCCCCC,1247,±2,1.83,,0.1485,4,95.8515,0.91,Ar,2060,Species,CH,±2,431,15.3,Stanford,n_hexadecane / hexadecane_diesel/Haylett_2011_thesis
46,CCCCCCCCCCCCCCCC,1285,±2,1.89,,0.1582,4,95.8418,0.97,Ar,1386,Species,CH,±2,431,15.3,Stanford,n_hexadecane / hexadecane_diesel/Haylett_2011_thesis
47,CCCCCCCCCCCCCCCC,1353,±2,1.71,,0.1565,4,95.8435,0.96,Ar,708,Species,CH,±2,431,15.3,Stanford,n_hexadecane / hexadecane_diesel/Haylett_2011_thesis
48,CCCCCCCCCCCCCCCC,1165,±2,2.08,,0.129,4,95.871,0.79,Ar,4548,Species,CH,±2,431,15.3,Stanford,n_hexadecane / hexadecane_diesel/Haylett_2011_thesis
49,CCCCCCCCCCCCCCCC,1177,±2,2.03,,0.1571,4,95.8429,0.96,Ar,4778,Species,CH,±2,431,15.3,Stanford,n_hexadecane / hexadecane_diesel/Haylett_2011_thesis
50,CCCCCCCCCCCCCCCC,1218,±2,1.96,,0.1165,4,95.8835,0.71,Ar,2657,Species,CH,±2,431,15.3,Stanford,n_hexadecane / hexadecane_diesel/Haylett_2011_thesis
51,CCCCCCCCCCCCCCCC,1231,±2,1.86,,0.1254,4,95.8746,0.77,Ar,2137,Species,CH,±2,431,15.3,Stanford,n_hexadecane / hexadecane_diesel/Haylett_2011_thesis
