,Fuel,T(K),T_Error(%),P(atm),P_Error(%),Fuel(%),Oxidizer(%),Diluant(%),Equv(phi),Diluant Type,Time(μs),Mode_of_measurement,Species_name,Species_measurement_Error,Measured_wavelength(nm),Shocktube_dia(cm),Research_group,Data_Source,Primary_C,Secondary_C,Tertiary_C,Quaternary_C,Other_Atom,P_P,P_S,P_T,P_Q,S_S,S_T,S_Q,T_T,T_Q,Q_Q,P_H,S_H,T_H
149,CCC,1376,±1,1.19,±1,4,20,76,1,Ar,357,Species,CH,±5,431,15.3,Stanford,Horning_2001_thesis / Autoignition_ n_Alkane /,2,1,,,,0,2,0,0,0,0,0,0,0,0,6,2,0
150,CCC,1461,±1,1.15,±1,4,20,76,1,Ar,140,Species,CH,±5,431,15.3,Stanford,Horning_2001_thesis / Autoignition_ n_Alkane /,2,1,,,,0,2,0,0,0,0,0,0,0,0,6,2,0
151,CCC,1413,±1,1.16,±1,4,20,76,1,Ar,246,Species,CH,±5,431,15.3,Stanford,Horning_2001_thesis / Autoignition_ n_Alkane /,2,1,,,,0,2,0,0,0,0,0,0,0,0,6,2,0
152,CCC,1477,±1,1.12,±1,4,20,76,1,Ar,115,Species,CH,±5,431,15.3,Stanford,Horning_2001_thesis / Autoignition_ n_Alkane /,2,1,,,,0,2,0,0,0,0,0,0,0,0,6,2,0
153,CCC,1444,±1,1.26,±1,4,20,76,1,Ar,152,Species,CH,±5,431,15.3,Stanford,Horning_2001_thesis / Autoignition_ n_Alkane /,2,1,,,,0,2,0,0,0,0,0,0,0,0,6,2,0
154,CCC,1504,±1,1.14,±1,4,20,76,1,Ar,93,Species,CH,±5,431,15.3,Stanford,Horning_2001_thesis / Autoignition_ n_Alkane /,2,1,,,,0,2,0,0,0,0,0,0,0,0,6,2,0
155,CCC,1505,±1,2.21,,0.05,0.25,99.7,1,Ar,534,Species,OH,±5,306.7,15.3,Stanford,n_Alkane_oxidation,2,1,,,,0,2,0,0,0,0,0,0,0,0,6,2,0
156,CCC,1547,±1,2.17,,0.05,0.25,99.7,1,Ar,344,Species,OH,±5,306.7,15.3,Stanford,n_Alkane_oxidation,2,1,,,,0,2,0,0,0,0,0,0,0,0,6,2,0
157,CCC,1608,±1,2.19,,0.05,0.25,99.7,1,Ar,174,Species,OH,±5,306.7,15.3,Stanford,n_Alkane_oxidation,2,1,,,,0,2,0,0,0,0,0,0,0,0,6,2,0
158,CCC,1628,±1,2.24,,0.05,0.25,99.7,1,Ar,156,Species,OH,±5,306.7,15.3,Stanford,n_Alkane_oxidation,2,1,,,,0,2,0,0,0,0,0,0,0,0,6,2,0
159,CCC,1687,±1,2.13,,0.05,0.25,99.7,1,Ar,89,Species,OH,±5,306.7,15.3,Stanford,n_Alkane_oxidation,2,1,,,,0,2,0,0,0,0,0,0,0,0,6,2,0
160,CCC,1497,±1,2.15,,0.15,0.75,99.1,1,Ar,420,Species,OH,±5,306.7,15.3,Stanford,n_Alkane_oxidation,2,1,,,,0,2,0,0,0,0,0,0,0,0,6,2,0
161,CCC,1405,±0.7,5.46,±1,0.8,8,91.2,0.5,Ar,83,Species,OH,±1,306.7,15.3,Stanford,Lam_2013_thesis / propane_const_V,2,1,,,,0,2,0,0,0,0,0,0,0,0,6,2,0
162,CCC,1366,±0.7,5.6,±1,0.8,8,91.2,0.5,Ar,170,Species,OH,±1,306.7,14.13,Stanford,Lam_2013_thesis / propane_const_V,2,1,,,,0,2,0,0,0,0,0,0,0,0,6,2,0
163,CCC,1339,±0.7,5.68,±1,0.8,8,91.2,0.5,Ar,230,Species,OH,±1,306.7,14.13,Stanford,Lam_2013_thesis / propane_const_V,2,1,,,,0,2,0,0,0,0,0,0,0,0,6,2,0
164,CCC,1303,±0.7,5.7,±1,0.8,8,91.2,0.5,Ar,400,Species,OH,±1,306.7,14.13,Stanford,Lam_2013_thesis / propane_const_V,2,1,,,,0,2,0,0,0,0,0,0,0,0,6,2,0
165,CCC,1281,±0.7,5.88,±1,0.8,8,91.2,0.5,Ar,590,Species,OH,±1,306.7,14.13,Stanford,Lam_2013_thesis / propane_const_V,2,1,,,,0,2,0,0,0,0,0,0,0,0,6,2,0
166,CCC,1250,±0.7,5.98,±1,0.8,8,91.2,0.5,Ar,890,Species,OH,±1,306.7,14.13,Stanford,Lam_2013_thesis / propane_const_V,2,1,,,,0,2,0,0,0,0,0,0,0,0,6,2,0
167,CCC,1234,±0.7,6.99,±1,0.8,8,91.2,0.5,Ar,940,Species,OH,±1,306.7,14.13,Stanford,Lam_2013_thesis / propane_const_V,2,1,,,,0,2,0,0,0,0,0,0,0,0,6,2,0
168,CCC,1223,±0.7,6.08,±1,0.8,8,91.2,0.5,Ar,1270,Species,OH,±1,306.7,14.13,Stanford,Lam_2013_thesis / propane_const_V,2,1,,,,0,2,0,0,0,0,0,0,0,0,6,2,0
169,CCC,1194,±0.7,6.13,±1,0.8,8,91.2,0.5,Ar,1790,Species,OH,±1,306.7,14.13,Stanford,Lam_2013_thesis / propane_const_V,2,1,,,,0,2,0,0,0,0,0,0,0,0,6,2,0
170,CCC,1189,±0.7,7.17,±1,0.8,8,91.2,0.5,Ar,1810,Species,OH,±1,306.7,14.13,Stanford,Lam_2013_thesis / propane_const_V,2,1,,,,0,2,0,0,0,0,0,0,0,0,6,2,0
171,CCC,1184,±0.7,7.17,±1,0.8,8,91.2,0.5,Ar,1820,Species,OH,±1,306.7,14.13,Stanford,Lam_2013_thesis / propane_const_V,2,1,,,,0,2,0,0,0,0,0,0,0,0,6,2,0
172,CCC,1147,±0.7,7.44,±1,0.8,8,91.2,0.5,Ar,2980,Species,OH,±1,306.7,14.13,Stanford,Lam_2013_thesis / propane_const_V,2,1,,,,0,2,0,0,0,0,0,0,0,0,6,2,0
173,CCC,1125,±0.7,7.29,±1,0.8,8,91.2,0.5,Ar,4260,Species,OH,±1,306.7,14.13,Stanford,Lam_2013_thesis / propane_const_V,2,1,,,,0,2,0,0,0,0,0,0,0,0,6,2,0
174,CCC,1081,±0.7,6.64,±1,0.8,8,91.2,0.5,Ar,6180,Species,OH,±1,306.7,14.13,Stanford,Lam_2013_thesis / propane_const_V,2,1,,,,0,2,0,0,0,0,0,0,0,0,6,2,0
175,CCC,1034,±0.7,7.06,±1,0.8,8,91.2,0.5,Ar,10510,Species,OH,±1,306.7,14.13,Stanford,Lam_2013_thesis / propane_const_V,2,1,,,,0,2,0,0,0,0,0,0,0,0,6,2,0
176,CCC,1006,±0.7,7.16,±1,0.8,8,91.2,0.5,Ar,15660,Species,OH,±1,306.7,14.13,Stanford,Lam_2013_thesis / propane_const_V,2,1,,,,0,2,0,0,0,0,0,0,0,0,6,2,0
177,CCC,991,±0.7,7.16,±1,0.8,8,91.2,0.5,Ar,17790,Species,OH,±1,306.7,14.13,Stanford,Lam_2013_thesis / propane_const_V,2,1,,,,0,2,0,0,0,0,0,0,0,0,6,2,0
178,CCC,1381,±0.7,5.29,±1,0.8,8,91.2,0.5,Ar,150,Species,OH,±1,306.7,14.13,Stanford,Lam_2013_thesis / propane_const_V,2,1,,,,0,2,0,0,0,0,0,0,0,0,6,2,0
179,CCC,1341,±0.7,5.41,±1,0.8,8,91.2,0.5,Ar,270,Species,OH,±1,306.7,14.13,Stanford,Lam_2013_thesis / propane_const_V,2,1,,,,0,2,0,0,0,0,0,0,0,0,6,2,0
180,CCC,1273,±0.7,6.24,±1,0.8,8,91.2,0.5,Ar,680,Species,OH,±1,306.7,14.13,Stanford,Lam_2013_thesis / propane_const_V,2,1,,,,0,2,0,0,0,0,0,0,0,0,6,2,0
181,CCC,1260,±0.7,6.37,±1,0.8,8,91.2,0.5,Ar,830,Species,OH,±1,306.7,14.13,Stanford,Lam_2013_thesis / propane_const_V,2,1,,,,0,2,0,0,0,0,0,0,0,0,6,2,0
182,CCC,1208,±0.7,6.69,±1,0.8,8,91.2,0.5,Ar,1760,Species,OH,±1,306.7,14.13,Stanford,Lam_2013_thesis / propane_const_V,2,1,,,,0,2,0,0,0,0,0,0,0,0,6,2,0
183,CCC,1202,±0.7,5.26,±1,0.8,8,91.2,0.5,Ar,1750,Species,OH,±1,306.7,14.13,Stanford,Lam_2013_thesis / propane_const_V,2,1,,,,0,2,0,0,0,0,0,0,0,0,6,2,0
184,CCC,1170,±0.7,6.65,±1,0.8,8,91.2,0.5,Ar,2950,Species,OH,±1,306.7,14.13,Stanford,Lam_2013_thesis / propane_const_V,2,1,,,,0,2,0,0,0,0,0,0,0,0,6,2,0
185,CCC,1157,±0.7,5.64,±1,0.8,8,91.2,0.5,Ar,4040,Species,OH,±1,306.7,14.13,Stanford,Lam_2013_thesis / propane_const_V,2,1,,,,0,2,0,0,0,0,0,0,0,0,6,2,0
186,CCC,1141,±0.7,5.65,±1,0.8,8,91.2,0.5,Ar,5450,Species,OH,±1,306.7,14.13,Stanford,Lam_2013_thesis / propane_const_V,2,1,,,,0,2,0,0,0,0,0,0,0,0,6,2,0
187,CCC,1126,±0.7,6.04,±1,0.8,8,91.2,0.5,Ar,5460,Species,OH,±1,306.7,14.13,Stanford,Lam_2013_thesis / propane_const_V,2,1,,,,0,2,0,0,0,0,0,0,0,0,6,2,0
188,CCC,1095,±0.7,6.39,±1,0.8,8,91.2,0.5,Ar,7100,Species,OH,±1,306.7,14.13,Stanford,Lam_2013_thesis / propane_const_V,2,1,,,,0,2,0,0,0,0,0,0,0,0,6,2,0
189,CCC,1069,±0.7,6.77,±1,0.8,8,91.2,0.5,Ar,10190,Species,OH,±1,306.7,14.13,Stanford,Lam_2013_thesis / propane_const_V,2,1,,,,0,2,0,0,0,0,0,0,0,0,6,2,0
190,CCC,1052,±0.7,6.79,±1,0.8,8,91.2,0.5,Ar,12680,Species,OH,±1,306.7,14.13,Stanford,Lam_2013_thesis / propane_const_V,2,1,,,,0,2,0,0,0,0,0,0,0,0,6,2,0
191,CCC,1051,±0.7,6.82,±1,0.8,8,91.2,0.5,Ar,12470,Species,OH,±1,306.7,14.13,Stanford,Lam_2013_thesis / propane_const_V,2,1,,,,0,2,0,0,0,0,0,0,0,0,6,2,0
192,CCC,1044,±0.7,6.67,±1,0.8,8,91.2,0.5,Ar,16380,Species,OH,±1,306.7,14.13,Stanford,Lam_2013_thesis / propane_const_V,2,1,,,,0,2,0,0,0,0,0,0,0,0,6,2,0
193,CCC,1033,±0.7,6.73,±1,0.8,8,91.2,0.5,Ar,17900,Species,OH,±1,306.7,14.13,Stanford,Lam_2013_thesis / propane_const_V,2,1,,,,0,2,0,0,0,0,0,0,0,0,6,2,0
194,CCC,1027,±0.7,6.8,±1,0.8,8,91.2,0.5,Ar,21230,Species,OH,±1,306.7,14.13,Stanford,Lam_2013_thesis / propane_const_V,2,1,,,,0,2,0,0,0,0,0,0,0,0,6,2,0
195,CCC,1021,±0.7,6.59,±1,0.8,8,91.2,0.5,Ar,20940,Species,OH,±1,306.7,14.13,Stanford,Lam_2013_thesis / propane_const_V,2,1,,,,0,2,0,0,0,0,0,0,0,0,6,2,0
196,CCC,1289,±0.7,27.1,±1,0.8,8,91.2,0.5,Ar,200,Species,OH,±1,306.7,5,Stanford,Lam_2013_thesis / propane_const_V,2,1,,,,0,2,0,0,0,0,0,0,0,0,6,2,0
197,CCC,1260,±0.7,21.9,±1,0.8,8,91.2,0.5,Ar,330,Species,OH,±1,306.7,5,Stanford,Lam_2013_thesis / propane_const_V,2,1,,,,0,2,0,0,0,0,0,0,0,0,6,2,0
198,CCC,1221,±0.7,25.2,±1,0.8,8,91.2,0.5,Ar,510,Species,OH,±1,306.7,5,Stanford,Lam_2013_thesis / propane_const_V,2,1,,,,0,2,0,0,0,0,0,0,0,0,6,2,0
199,CCC,1189,±0.7,26,±1,0.8,8,91.2,0.5,Ar,680,Species,OH,±1,306.7,5,Stanford,Lam_2013_thesis / propane_const_V,2,1,,,,0,2,0,0,0,0,0,0,0,0,6,2,0
200,CCC,1173,±0.7,22.4,±1,0.8,8,91.2,0.5,Ar,960,Species,OH,±1,306.7,5,Stanford,Lam_2013_thesis / propane_const_V,2,1,,,,0,2,0,0,0,0,0,0,0,0,6,2,0
201,CCC,1160,±0.7,23.3,±1,0.8,8,91.2,0.5,Ar,1010,Species,OH,±1,306.7,5,Stanford,Lam_2013_thesis / propane_const_V,2,1,,,,0,2,0,0,0,0,0,0,0,0,6,2,0
202,CCC,1155,±0.7,26.1,±1,0.8,8,91.2,0.5,Ar,990,Species,OH,±1,306.7,5,Stanford,Lam_2013_thesis / propane_const_V,2,1,,,,0,2,0,0,0,0,0,0,0,0,6,2,0
203,CCC,1123,±0.7,28.8,±1,0.8,8,91.2,0.5,Ar,1340,Species,OH,±1,306.7,5,Stanford,Lam_2013_thesis / propane_const_V,2,1,,,,0,2,0,0,0,0,0,0,0,0,6,2,0
204,CCC,1114,±0.7,29.5,±1,0.8,8,91.2,0.5,Ar,1430,Species,OH,±1,306.7,5,Stanford,Lam_2013_thesis / propane_const_V,2,1,,,,0,2,0,0,0,0,0,0,0,0,6,2,0
205,CCC,1113,±0.7,23.1,±1,0.8,8,91.2,0.5,Ar,1720,Species,OH,±1,306.7,5,Stanford,Lam_2013_thesis / propane_const_V,2,1,,,,0,2,0,0,0,0,0,0,0,0,6,2,0
206,CCC,1062,±0.7,22.7,±1,0.8,8,91.2,0.5,Ar,2670,Species,OH,±1,306.7,5,Stanford,Lam_2013_thesis / propane_const_V,2,1,,,,0,2,0,0,0,0,0,0,0,0,6,2,0
207,CCC,1053,±0.7,21.1,±1,0.8,8,91.2,0.5,Ar,2990,Species,OH,±1,306.7,5,Stanford,Lam_2013_thesis / propane_const_V,2,1,,,,0,2,0,0,0,0,0,0,0,0,6,2,0
208,CCC,1052,±0.7,25.5,±1,0.8,8,91.2,0.5,Ar,2650,Species,OH,±1,306.7,5,Stanford,Lam_2013_thesis / propane_const_V,2,1,,,,0,2,0,0,0,0,0,0,0,0,6,2,0
209,CCC,1009,±0.7,22.5,±1,0.8,8,91.2,0.5,Ar,4470,Species,OH,±1,306.7,5,Stanford,Lam_2013_thesis / propane_const_V,2,1,,,,0,2,0,0,0,0,0,0,0,0,6,2,0
210,CCC,1005,±0.7,21.9,±1,0.8,8,91.2,0.5,Ar,4290,Species,OH,±1,306.7,5,Stanford,Lam_2013_thesis / propane_const_V,2,1,,,,0,2,0,0,0,0,0,0,0,0,6,2,0
211,CCC,1004,±0.7,22,±1,0.8,8,91.2,0.5,Ar,4510,Species,OH,±1,306.7,5,Stanford,Lam_2013_thesis / propane_const_V,2,1,,,,0,2,0,0,0,0,0,0,0,0,6,2,0
212,CCC,975,±0.7,21.4,±1,0.8,8,91.2,0.5,Ar,5540,Species,OH,±1,306.7,5,Stanford,Lam_2013_thesis / propane_const_V,2,1,,,,0,2,0,0,0,0,0,0,0,0,6,2,0
213,CCC,968,±0.7,29.4,±1,0.8,8,91.2,0.5,Ar,4770,Species,OH,±1,306.7,5,Stanford,Lam_2013_thesis / propane_const_V,2,1,,,,0,2,0,0,0,0,0,0,0,0,6,2,0
214,CCC,950,±0.7,21.4,±1,0.8,8,91.2,0.5,Ar,6790,Species,OH,±1,306.7,5,Stanford,Lam_2013_thesis / propane_const_V,2,1,,,,0,2,0,0,0,0,0,0,0,0,6,2,0
215,CCC,1273,±0.7,23.6,±1,0.8,8,91.2,0.5,Ar,260,Species,OH,±1,306.7,5,Stanford,Lam_2013_thesis / propane_const_V,2,1,,,,0,2,0,0,0,0,0,0,0,0,6,2,0
216,CCC,1254,±0.7,24.4,±1,0.8,8,91.2,0.5,Ar,340,Species,OH,±1,306.7,5,Stanford,Lam_2013_thesis / propane_const_V,2,1,,,,0,2,0,0,0,0,0,0,0,0,6,2,0
217,CCC,1247,±0.7,26.8,±1,0.8,8,91.2,0.5,Ar,350,Species,OH,±1,306.7,5,Stanford,Lam_2013_thesis / propane_const_V,2,1,,,,0,2,0,0,0,0,0,0,0,0,6,2,0
218,CCC,1206,±0.7,27,±1,0.8,8,91.2,0.5,Ar,600,Species,OH,±1,306.7,5,Stanford,Lam_2013_thesis / propane_const_V,2,1,,,,0,2,0,0,0,0,0,0,0,0,6,2,0
219,CCC,1180,±0.7,24.2,±1,0.8,8,91.2,0.5,Ar,900,Species,OH,±1,306.7,5,Stanford,Lam_2013_thesis / propane_const_V,2,1,,,,0,2,0,0,0,0,0,0,0,0,6,2,0
220,CCC,1154,±0.7,24.4,±1,0.8,8,91.2,0.5,Ar,1240,Species,OH,±1,306.7,5,Stanford,Lam_2013_thesis / propane_const_V,2,1,,,,0,2,0,0,0,0,0,0,0,0,6,2,0
221,CCC,1137,±0.7,26.4,±1,0.8,8,91.2,0.5,Ar,1420,Species,OH,±1,306.7,5,Stanford,Lam_2013_thesis / propane_const_V,2,1,,,,0,2,0,0,0,0,0,0,0,0,6,2,0
222,CCC,1114,±0.7,24.3,±1,0.8,8,91.2,0.5,Ar,2100,Species,OH,±1,306.7,5,Stanford,Lam_2013_thesis / propane_const_V,2,1,,,,0,2,0,0,0,0,0,0,0,0,6,2,0
223,CCC,1101,±0.7,30.7,±1,0.8,8,91.2,0.5,Ar,1840,Species,OH,±1,306.7,5,Stanford,Lam_2013_thesis / propane_const_V,2,1,,,,0,2,0,0,0,0,0,0,0,0,6,2,0
224,CCC,1088,±0.7,29.1,±1,0.8,8,91.2,0.5,Ar,2100,Species,OH,±1,306.7,5,Stanford,Lam_2013_thesis / propane_const_V,2,1,,,,0,2,0,0,0,0,0,0,0,0,6,2,0
225,CCC,1086,±0.7,25.8,±1,0.8,8,91.2,0.5,Ar,2950,Species,OH,±1,306.7,5,Stanford,Lam_2013_thesis / propane_const_V,2,1,,,,0,2,0,0,0,0,0,0,0,0,6,2,0
226,CCC,1077,±0.7,22.8,±1,0.8,8,91.2,0.5,Ar,3300,Species,OH,±1,306.7,5,Stanford,Lam_2013_thesis / propane_const_V,2,1,,,,0,2,0,0,0,0,0,0,0,0,6,2,0
227,CCC,1077,±0.7,27.4,±1,0.8,8,91.2,0.5,Ar,3170,Species,OH,±1,306.7,5,Stanford,Lam_2013_thesis / propane_const_V,2,1,,,,0,2,0,0,0,0,0,0,0,0,6,2,0
228,CCC,1060,±0.7,28.1,±1,0.8,8,91.2,0.5,Ar,3700,Species,OH,±1,306.7,5,Stanford,Lam_2013_thesis / propane_const_V,2,1,,,,0,2,0,0,0,0,0,0,0,0,6,2,0
229,CCC,1049,±0.7,30.7,±1,0.8,8,91.2,0.5,Ar,3360,Species,OH,±1,306.7,5,Stanford,Lam_2013_thesis / propane_const_V,2,1,,,,0,2,0,0,0,0,0,0,0,0,6,2,0
230,CCC,1042,±0.7,31.1,±1,0.8,8,91.2,0.5,Ar,3530,Species,OH,±1,306.7,5,Stanford,Lam_2013_thesis / propane_const_V,2,1,,,,0,2,0,0,0,0,0,0,0,0,6,2,0
231,CCC,1009,±0.7,30.9,±1,0.8,8,91.2,0.5,Ar,8490,Species,OH,±1,306.7,5,Stanford,Lam_2013_thesis / propane_const_V,2,1,,,,0,2,0,0,0,0,0,0,0,0,6,2,0
232,CCC,988,±0.7,29.2,±1,0.8,8,91.2,0.5,Ar,9280,Species,OH,±1,306.7,5,Stanford,Lam_2013_thesis / propane_const_V,2,1,,,,0,2,0,0,0,0,0,0,0,0,6,2,0
233,CCC,1244,±0.7,66.8,±1,0.8,8,91.2,0.5,Ar,170,Species,OH,±1,306.7,5,Stanford,Lam_2013_thesis / propane_const_V,2,1,,,,0,2,0,0,0,0,0,0,0,0,6,2,0
234,CCC,1219,±0.7,59.8,±1,0.8,8,91.2,0.5,Ar,260,Species,OH,±1,306.7,5,Stanford,Lam_2013_thesis / propane_const_V,2,1,,,,0,2,0,0,0,0,0,0,0,0,6,2,0
235,CCC,1145,±0.7,64,±1,0.8,8,91.2,0.5,Ar,530,Species,OH,±1,306.7,5,Stanford,Lam_2013_thesis / propane_const_V,2,1,,,,0,2,0,0,0,0,0,0,0,0,6,2,0
236,CCC,1093,±0.7,55.4,±1,0.8,8,91.2,0.5,Ar,1000,Species,OH,±1,306.7,5,Stanford,Lam_2013_thesis / propane_const_V,2,1,,,,0,2,0,0,0,0,0,0,0,0,6,2,0
237,CCC,1071,±0.7,62.2,±1,0.8,8,91.2,0.5,Ar,1190,Species,OH,±1,306.7,5,Stanford,Lam_2013_thesis / propane_const_V,2,1,,,,0,2,0,0,0,0,0,0,0,0,6,2,0
238,CCC,1026,±0.7,57.7,±1,0.8,8,91.2,0.5,Ar,2070,Species,OH,±1,306.7,5,Stanford,Lam_2013_thesis / propane_const_V,2,1,,,,0,2,0,0,0,0,0,0,0,0,6,2,0
239,CCC,1022,±0.7,61.2,±1,0.8,8,91.2,0.5,Ar,1950,Species,OH,±1,306.7,5,Stanford,Lam_2013_thesis / propane_const_V,2,1,,,,0,2,0,0,0,0,0,0,0,0,6,2,0
240,CCC,996,±0.7,54.7,±1,0.8,8,91.2,0.5,Ar,2710,Species,OH,±1,306.7,5,Stanford,Lam_2013_thesis / propane_const_V,2,1,,,,0,2,0,0,0,0,0,0,0,0,6,2,0
241,CCC,983,±0.7,56,±1,0.8,8,91.2,0.5,Ar,3140,Species,OH,±1,306.7,5,Stanford,Lam_2013_thesis / propane_const_V,2,1,,,,0,2,0,0,0,0,0,0,0,0,6,2,0
242,CCC,980,±0.7,54.6,±1,0.8,8,91.2,0.5,Ar,3260,Species,OH,±1,306.7,5,Stanford,Lam_2013_thesis / propane_const_V,2,1,,,,0,2,0,0,0,0,0,0,0,0,6,2,0
243,CCC,1247,±0.7,59.5,±1,0.8,8,91.2,0.5,Ar,200,Species,OH,±1,306.7,5,Stanford,Lam_2013_thesis / propane_const_V,2,1,,,,0,2,0,0,0,0,0,0,0,0,6,2,0
244,CCC,1202,±0.7,55.9,±1,0.8,8,91.2,0.5,Ar,340,Species,OH,±1,306.7,5,Stanford,Lam_2013_thesis / propane_const_V,2,1,,,,0,2,0,0,0,0,0,0,0,0,6,2,0
245,CCC,1178,±0.7,63.4,±1,0.8,8,91.2,0.5,Ar,390,Species,OH,±1,306.7,5,Stanford,Lam_2013_thesis / propane_const_V,2,1,,,,0,2,0,0,0,0,0,0,0,0,6,2,0
246,CCC,1129,±0.7,67.4,±1,0.8,8,91.2,0.5,Ar,650,Species,OH,±1,306.7,5,Stanford,Lam_2013_thesis / propane_const_V,2,1,,,,0,2,0,0,0,0,0,0,0,0,6,2,0
247,CCC,1114,±0.7,60.4,±1,0.8,8,91.2,0.5,Ar,820,Species,OH,±1,306.7,5,Stanford,Lam_2013_thesis / propane_const_V,2,1,,,,0,2,0,0,0,0,0,0,0,0,6,2,0
248,CCC,1100,±0.7,63.9,±1,0.8,8,91.2,0.5,Ar,910,Species,OH,±1,306.7,5,Stanford,Lam_2013_thesis / propane_const_V,2,1,,,,0,2,0,0,0,0,0,0,0,0,6,2,0
249,CCC,1071,±0.7,65,±1,0.8,8,91.2,0.5,Ar,1370,Species,OH,±1,306.7,5,Stanford,Lam_2013_thesis / propane_const_V,2,1,,,,0,2,0,0,0,0,0,0,0,0,6,2,0
250,CCC,1061,±0.7,63.8,±1,0.8,8,91.2,0.5,Ar,1600,Species,OH,±1,306.7,5,Stanford,Lam_2013_thesis / propane_const_V,2,1,,,,0,2,0,0,0,0,0,0,0,0,6,2,0
251,CCC,1043,±0.7,67.8,±1,0.8,8,91.2,0.5,Ar,2010,Species,OH,±1,306.7,5,Stanford,Lam_2013_thesis / propane_const_V,2,1,,,,0,2,0,0,0,0,0,0,0,0,6,2,0
252,CCC,1035,±0.7,54.1,±1,0.8,8,91.2,0.5,Ar,2610,Species,OH,±1,306.7,5,Stanford,Lam_2013_thesis / propane_const_V,2,1,,,,0,2,0,0,0,0,0,0,0,0,6,2,0
253,CCC,1022,±0.7,59.4,±1,0.8,8,91.2,0.5,Ar,2940,Species,OH,±1,306.7,5,Stanford,Lam_2013_thesis / propane_const_V,2,1,,,,0,2,0,0,0,0,0,0,0,0,6,2,0
254,CCC,1008,±0.7,53.7,±1,0.8,8,91.2,0.5,Ar,3890,Species,OH,±1,306.7,5,Stanford,Lam_2013_thesis / propane_const_V,2,1,,,,0,2,0,0,0,0,0,0,0,0,6,2,0
255,CCC,994,±0.7,54,±1,0.8,8,91.2,0.5,Ar,4750,Species,OH,±1,306.7,5,Stanford,Lam_2013_thesis / propane_const_V,2,1,,,,0,2,0,0,0,0,0,0,0,0,6,2,0
256,CCC,1195,±1,49.8,±1,0.888,4,95.112,1,Ar,1454,Species,OH,±3,306.7,5,Stanford,propene_oxidation,2,1,,,,0,2,0,0,0,0,0,0,0,0,6,2,0
257,CCC,1226,±1,47.4,±1,0.888,4,95.112,1,Ar,1044,Species,OH,±3,306.7,5,Stanford,propene_oxidation,2,1,,,,0,2,0,0,0,0,0,0,0,0,6,2,0
258,CCC,1371,±1,46.4,±1,0.888,4,95.112,1,Ar,251,Species,OH,±3,306.7,5,Stanford,propene_oxidation,2,1,,,,0,2,0,0,0,0,0,0,0,0,6,2,0
259,CCC,1242,±1,43.9,±1,0.888,4,95.112,1,Ar,930,Species,OH,±3,306.7,5,Stanford,propene_oxidation,2,1,,,,0,2,0,0,0,0,0,0,0,0,6,2,0
260,CCC,1175,±1,51.2,±1,0.888,4,95.112,1,Ar,1877,Species,OH,±3,306.7,5,Stanford,propene_oxidation,2,1,,,,0,2,0,0,0,0,0,0,0,0,6,2,0
261,CCC,1327,±1,46.4,±1,0.888,4,95.112,1,Ar,372,Species,OH,±3,306.7,5,Stanford,propene_oxidation,2,1,,,,0,2,0,0,0,0,0,0,0,0,6,2,0
262,CCC,1428,±1,45.6,±1,0.888,4,95.112,1,Ar,134,Species,OH,±3,306.7,5,Stanford,propene_oxidation,2,1,,,,0,2,0,0,0,0,0,0,0,0,6,2,0
263,CCC,1318,±1,47.1,±1,0.888,4,95.112,1,Ar,394,Species,OH,±3,306.7,5,Stanford,propene_oxidation,2,1,,,,0,2,0,0,0,0,0,0,0,0,6,2,0
264,CCC,1302,±1,47.5,±1,0.888,4,95.112,1,Ar,456,Species,OH,±3,306.7,5,Stanford,propene_oxidation,2,1,,,,0,2,0,0,0,0,0,0,0,0,6,2,0
265,CCC,1223,±1,46.2,±1,1.78,4,94.22,2,Ar,1044,Species,OH,±3,306.7,5,Stanford,propene_oxidation,2,1,,,,0,2,0,0,0,0,0,0,0,0,6,2,0
266,CCC,1281,±1,46.4,±1,1.78,4,94.22,2,Ar,555,Species,OH,±3,306.7,5,Stanford,propene_oxidation,2,1,,,,0,2,0,0,0,0,0,0,0,0,6,2,0
267,CCC,1210,±1,46.8,±1,1.78,4,94.22,2,Ar,1300,Species,OH,±3,306.7,5,Stanford,propene_oxidation,2,1,,,,0,2,0,0,0,0,0,0,0,0,6,2,0
268,CCC,1316,±1,44.8,±1,1.78,4,94.22,2,Ar,457,Species,OH,±3,306.7,5,Stanford,propene_oxidation,2,1,,,,0,2,0,0,0,0,0,0,0,0,6,2,0
269,CCC,1371,±1,44,±1,1.78,4,94.22,2,Ar,280,Species,OH,±3,306.7,5,Stanford,propene_oxidation,2,1,,,,0,2,0,0,0,0,0,0,0,0,6,2,0
270,CCC,1200,±1,45.7,±1,1.78,4,94.22,2,Ar,1543,Species,OH,±3,306.7,5,Stanford,propene_oxidation,2,1,,,,0,2,0,0,0,0,0,0,0,0,6,2,0
271,CCC,1432,±1,44.2,±1,1.78,4,94.22,2,Ar,158,Species,OH,±3,306.7,5,Stanford,propene_oxidation,2,1,,,,0,2,0,0,0,0,0,0,0,0,6,2,0
272,CCC,1249,±1,45.2,±1,1.78,4,94.22,2,Ar,910,Species,OH,±3,306.7,5,Stanford,propene_oxidation,2,1,,,,0,2,0,0,0,0,0,0,0,0,6,2,0
273,CCC,1554,±0.7,2.08,±1,0.888,4,95.112,1,Ar,268,Species,OH,±1,306.7,15.3,Stanford,propene_oxidation,2,1,,,,0,2,0,0,0,0,0,0,0,0,6,2,0
274,CCC,1432,±0.7,2.19,±1,0.888,4,95.112,1,Ar,1072,Species,OH,±1,306.7,15.3,Stanford,propene_oxidation,2,1,,,,0,2,0,0,0,0,0,0,0,0,6,2,0
275,CCC,1597,±0.7,1.94,±1,0.888,4,95.112,1,Ar,159,Species,OH,±1,306.7,15.3,Stanford,propene_oxidation,2,1,,,,0,2,0,0,0,0,0,0,0,0,6,2,0
276,CCC,1587,±0.7,1.92,±1,0.888,4,95.112,1,Ar,183,Species,OH,±1,306.7,15.3,Stanford,propene_oxidation,2,1,,,,0,2,0,0,0,0,0,0,0,0,6,2,0
277,CCC,1720,±0.7,1.97,±1,0.888,4,95.112,1,Ar,52,Species,OH,±1,306.7,15.3,Stanford,propene_oxidation,2,1,,,,0,2,0,0,0,0,0,0,0,0,6,2,0
278,CCC,1656,±0.7,1.95,±1,0.888,4,95.112,1,Ar,95,Species,OH,±1,306.7,15.3,Stanford,propene_oxidation,2,1,,,,0,2,0,0,0,0,0,0,0,0,6,2,0
279,CCC,1438,±0.7,2.28,±1,0.888,4,95.112,1,Ar,1003,Species,OH,±1,306.7,15.3,Stanford,propene_oxidation,2,1,,,,0,2,0,0,0,0,0,0,0,0,6,2,0
280,CCC,1408,±0.7,2.26,±1,0.888,4,95.112,1,Ar,1527,Species,OH,±1,306.7,15.3,Stanford,propene_oxidation,2,1,,,,0,2,0,0,0,0,0,0,0,0,6,2,0
281,CCC,1644,±0.7,2.18,±1,0.444,4,95.556,0.5,Ar,63,Species,OH,±1,306.7,15.3,Stanford,propene_oxidation,2,1,,,,0,2,0,0,0,0,0,0,0,0,6,2,0
282,CCC,1557,±0.7,2.26,±1,0.444,4,95.556,0.5,Ar,150,Species,OH,±1,306.7,15.3,Stanford,propene_oxidation,2,1,,,,0,2,0,0,0,0,0,0,0,0,6,2,0
283,CCC,1493,±0.7,2.32,±1,0.444,4,95.556,0.5,Ar,323,Species,OH,±1,306.7,15.3,Stanford,propene_oxidation,2,1,,,,0,2,0,0,0,0,0,0,0,0,6,2,0
284,CCC,1446,±0.7,2.4,±1,0.444,4,95.556,0.5,Ar,583,Species,OH,±1,306.7,15.3,Stanford,propene_oxidation,2,1,,,,0,2,0,0,0,0,0,0,0,0,6,2,0
285,CCC,1370,±0.7,2.45,±1,0.444,4,95.556,0.5,Ar,1635,Species,OH,±1,306.7,15.3,Stanford,propene_oxidation,2,1,,,,0,2,0,0,0,0,0,0,0,0,6,2,0
286,CCC,1360,±0.7,2.49,±1,0.444,4,95.556,0.5,Ar,2002,Species,OH,±1,306.7,15.3,Stanford,propene_oxidation,2,1,,,,0,2,0,0,0,0,0,0,0,0,6,2,0
287,CCC,1698,±0.7,2.14,±1,0.444,4,95.556,0.5,Ar,37,Species,OH,±1,306.7,15.3,Stanford,propene_oxidation,2,1,,,,0,2,0,0,0,0,0,0,0,0,6,2,0
288,CCC,1485,±0.7,2.29,±1,1.78,4,94.22,2,Ar,792,Species,OH,±1,306.7,15.3,Stanford,propene_oxidation,2,1,,,,0,2,0,0,0,0,0,0,0,0,6,2,0
289,CCC,1554,±0.7,2.22,±1,1.78,4,94.22,2,Ar,417,Species,OH,±1,306.7,15.3,Stanford,propene_oxidation,2,1,,,,0,2,0,0,0,0,0,0,0,0,6,2,0
290,CCC,1660,±0.7,2.14,±1,1.78,4,94.22,2,Ar,164,Species,OH,±1,306.7,15.3,Stanford,propene_oxidation,2,1,,,,0,2,0,0,0,0,0,0,0,0,6,2,0
291,CCC,1756,±0.7,2.04,±1,1.78,4,94.22,2,Ar,76,Species,OH,±1,306.7,15.3,Stanford,propene_oxidation,2,1,,,,0,2,0,0,0,0,0,0,0,0,6,2,0
292,CCC,1409,±0.7,2.34,±1,1.78,4,94.22,2,Ar,1809,Species,OH,±1,306.7,15.3,Stanford,propene_oxidation,2,1,,,,0,2,0,0,0,0,0,0,0,0,6,2,0
293,CCC,1388,±0.7,2.41,±1,1.78,4,94.22,2,Ar,2324,Species,OH,±1,306.7,15.3,Stanford,propene_oxidation,2,1,,,,0,2,0,0,0,0,0,0,0,0,6,2,0
294,CCC,1566,±0.7,4.35,±1,0.888,4,95.112,1,Ar,163,Species,OH,±1,306.7,15.3,Stanford,propene_oxidation,2,1,,,,0,2,0,0,0,0,0,0,0,0,6,2,0
295,CCC,1413,±0.7,4.08,±1,0.888,4,95.112,1,Ar,904,Species,OH,±1,306.7,15.3,Stanford,propene_oxidation,2,1,,,,0,2,0,0,0,0,0,0,0,0,6,2,0
296,CCC,1408,±0.7,4.25,±1,0.888,4,95.112,1,Ar,920,Species,OH,±1,306.7,15.3,Stanford,propene_oxidation,2,1,,,,0,2,0,0,0,0,0,0,0,0,6,2,0
297,CCC,1465,±0.7,4.74,±1,0.888,4,95.112,1,Ar,438,Species,OH,±1,306.7,15.3,Stanford,propene_oxidation,2,1,,,,0,2,0,0,0,0,0,0,0,0,6,2,0
298,CCC,1405,±0.7,4.8,±1,0.888,4,95.112,1,Ar,884,Species,OH,±1,306.7,15.3,Stanford,propene_oxidation,2,1,,,,0,2,0,0,0,0,0,0,0,0,6,2,0
299,CCC,1333,±0.7,4.76,±1,0.888,4,95.112,1,Ar,2472,Species,OH,±1,306.7,15.3,Stanford,propene_oxidation,2,1,,,,0,2,0,0,0,0,0,0,0,0,6,2,0
300,CCC,1486,±0.7,4.43,±1,1.6,7.2,91.2,1,Ar,227,Species,OH,±1,306.7,15.3,Stanford,propene_oxidation,2,1,,,,0,2,0,0,0,0,0,0,0,0,6,2,0
301,CCC,1496,±0.7,4.24,±1,1.6,7.2,91.2,1,Ar,205,Species,OH,±1,306.7,15.3,Stanford,propene_oxidation,2,1,,,,0,2,0,0,0,0,0,0,0,0,6,2,0
302,CCC,1567,±0.7,4.33,±1,1.6,7.2,91.2,1,Ar,86,Species,OH,±1,306.7,15.3,Stanford,propene_oxidation,2,1,,,,0,2,0,0,0,0,0,0,0,0,6,2,0
303,CCC,1609,±0.7,4.2,±1,1.6,7.2,91.2,1,Ar,62,Species,OH,±1,306.7,15.3,Stanford,propene_oxidation,2,1,,,,0,2,0,0,0,0,0,0,0,0,6,2,0
304,CCC,1431,±0.7,4.47,±1,1.6,7.2,91.2,1,Ar,404,Species,OH,±1,306.7,15.3,Stanford,propene_oxidation,2,1,,,,0,2,0,0,0,0,0,0,0,0,6,2,0
305,CCC,1453,±3,1.27,,1.23,6.17,92.59,5,Ar,276,Species,OH,±2.32,306.7,11.5,Xi’an_Jiaotong,C1_C4_Alkanes,2,1,,,,0,2,0,0,0,0,0,0,0,0,6,2,0
306,CCC,1415,±3,1.33,,1.23,6.17,92.59,5,Ar,416,Species,OH,±2.32,306.7,11.5,Xi’an_Jiaotong,C1_C4_Alkanes,2,1,,,,0,2,0,0,0,0,0,0,0,0,6,2,0
307,CCC,1333,±3,1.27,,1.23,6.17,92.59,5,Ar,977,Species,OH,±2.32,306.7,11.5,Xi’an_Jiaotong,C1_C4_Alkanes,2,1,,,,0,2,0,0,0,0,0,0,0,0,6,2,0
308,CCC,1280,±3,1.29,,1.23,6.17,92.59,5,Ar,1899,Species,OH,±2.32,306.7,11.5,Xi’an_Jiaotong,C1_C4_Alkanes,2,1,,,,0,2,0,0,0,0,0,0,0,0,6,2,0
309,CCC,1229,±3,1.28,,1.23,6.17,92.59,5,Ar,2780,Species,OH,±2.32,306.7,11.5,Xi’an_Jiaotong,C1_C4_Alkanes,2,1,,,,0,2,0,0,0,0,0,0,0,0,6,2,0
310,CCC,1570,±3,1.27,,1.23,6.17,92.59,5,Ar,97,Species,OH,±2.32,306.7,11.5,Xi’an_Jiaotong,C1_C4_Alkanes,2,1,,,,0,2,0,0,0,0,0,0,0,0,6,2,0
311,CCC,1606,±3,1.29,,1.23,6.17,92.59,5,Ar,71,Species,OH,±2.32,306.7,11.5,Xi’an_Jiaotong,C1_C4_Alkanes,2,1,,,,0,2,0,0,0,0,0,0,0,0,6,2,0
312,CCC,1689,±3,1.31,,1.23,6.17,92.59,5,Ar,44,Species,OH,±2.32,306.7,11.5,Xi’an_Jiaotong,C1_C4_Alkanes,2,1,,,,0,2,0,0,0,0,0,0,0,0,6,2,0
313,CCC,1769,±3,1.33,,1.23,6.17,92.59,5,Ar,26,Species,OH,±2.32,306.7,11.5,Xi’an_Jiaotong,C1_C4_Alkanes,2,1,,,,0,2,0,0,0,0,0,0,0,0,6,2,0
314,CCC,1841,±3,1.33,,1.23,6.17,92.59,5,Ar,19,Species,OH,±2.32,306.7,11.5,Xi’an_Jiaotong,C1_C4_Alkanes,2,1,,,,0,2,0,0,0,0,0,0,0,0,6,2,0
315,CCC,1271,±3,5.37,,1.23,6.17,92.59,5,Ar,1001,Species,OH,±2.32,306.7,11.5,Xi’an_Jiaotong,C1_C4_Alkanes,2,1,,,,0,2,0,0,0,0,0,0,0,0,6,2,0
316,CCC,1220,±3,5.23,,1.23,6.17,92.59,5,Ar,1976,Species,OH,±2.32,306.7,11.5,Xi’an_Jiaotong,C1_C4_Alkanes,2,1,,,,0,2,0,0,0,0,0,0,0,0,6,2,0
317,CCC,1166,±3,5.27,,1.23,6.17,92.59,5,Ar,4105,Species,OH,±2.32,306.7,11.5,Xi’an_Jiaotong,C1_C4_Alkanes,2,1,,,,0,2,0,0,0,0,0,0,0,0,6,2,0
318,CCC,1357,±3,5.27,,1.23,6.17,92.59,5,Ar,396,Species,OH,±2.32,306.7,11.5,Xi’an_Jiaotong,C1_C4_Alkanes,2,1,,,,0,2,0,0,0,0,0,0,0,0,6,2,0
319,CCC,1409,±3,5.15,,1.23,6.17,92.59,5,Ar,217,Species,OH,±2.32,306.7,11.5,Xi’an_Jiaotong,C1_C4_Alkanes,2,1,,,,0,2,0,0,0,0,0,0,0,0,6,2,0
320,CCC,1456,±3,5.2,,1.23,6.17,92.59,5,Ar,106,Species,OH,±2.32,306.7,11.5,Xi’an_Jiaotong,C1_C4_Alkanes,2,1,,,,0,2,0,0,0,0,0,0,0,0,6,2,0
321,CCC,1580,±3,5.47,,1.23,6.17,92.59,5,Ar,41,Species,OH,±2.32,306.7,11.5,Xi’an_Jiaotong,C1_C4_Alkanes,2,1,,,,0,2,0,0,0,0,0,0,0,0,6,2,0
322,CCC,1680,±3,5.25,,1.23,6.17,92.59,5,Ar,16,Species,OH,±2.32,306.7,11.5,Xi’an_Jiaotong,C1_C4_Alkanes,2,1,,,,0,2,0,0,0,0,0,0,0,0,6,2,0
323,CCCCCCCCCCCC,1127,±1,6.12,±9.3,0.6844,21,78.3156,0.6,N2,797,Speceis,CH,,430,15.3,Stanford,aerosol_shock_tube / aerosol_shock_tube_low pressure / Second_generation_confo / Second_Generation_shock_tube ,2,10,,,,0,2,0,0,9,0,0,0,0,0,6,20,0
324,CCCCCCCCCCCC,1050,±1,7.88,±9.3,0.9365,21,78.0635,0.82,N2,1034,Speceis,CH,,430,15.3,Stanford,aerosol_shock_tube / aerosol_shock_tube_low pressure / Second_generation_confo / Second_Generation_shock_tube ,2,10,,,,0,2,0,0,9,0,0,0,0,0,6,20,0
325,CCCCCCCCCCCC,1084,±1,8.02,±9.3,0.7871,21,78.2129,0.69,N2,738,Speceis,CH,,430,15.3,Stanford,aerosol_shock_tube / aerosol_shock_tube_low pressure / Second_generation_confo / Second_Generation_shock_tube ,2,10,,,,0,2,0,0,9,0,0,0,0,0,6,20,0
326,CCCCCCCCCCCC,1114,±1,8.5,±9.3,0.6885,21,78.3115,0.61,N2,640,Speceis,CH,,430,15.3,Stanford,aerosol_shock_tube / aerosol_shock_tube_low pressure / Second_generation_confo / Second_Generation_shock_tube ,2,10,,,,0,2,0,0,9,0,0,0,0,0,6,20,0
327,CCCCCCCCCCCC,1179,±1,8.53,±9.3,0.9497,21,78.0503,0.84,N2,220,Speceis,CH,,430,15.3,Stanford,aerosol_shock_tube / aerosol_shock_tube_low pressure / Second_generation_confo / Second_Generation_shock_tube ,2,10,,,,0,2,0,0,9,0,0,0,0,0,6,20,0
328,CCCCCCCCCCCC,1167,±1,7.88,±9.3,1.0246,21,77.9754,0.9,N2,215,Speceis,CH,,430,15.3,Stanford,aerosol_shock_tube / aerosol_shock_tube_low pressure / Second_generation_confo / Second_Generation_shock_tube ,2,10,,,,0,2,0,0,9,0,0,0,0,0,6,20,0
329,CCCCCCCCCCCC,1168,±1,6.37,±9.3,0.7339,21,78.2661,0.65,Ar,484,Speceis,CH,,430,15.3,Stanford,aerosol_shock_tube / aerosol_shock_tube_low pressure / Second_generation_confo / Second_Generation_shock_tube ,2,10,,,,0,2,0,0,9,0,0,0,0,0,6,20,0
330,CCCCCCCCCCCC,1209,±1,4.64,±9.3,0.186,21,78.814,0.16,Ar,926,Speceis,CH,,430,15.3,Stanford,aerosol_shock_tube / aerosol_shock_tube_low pressure / Second_generation_confo / Second_Generation_shock_tube ,2,10,,,,0,2,0,0,9,0,0,0,0,0,6,20,0
331,CCCCCCCCCCCC,1163,±1,4.93,±9.3,0.2534,21,78.7466,0.22,Ar,1800,Speceis,CH,,430,15.3,Stanford,aerosol_shock_tube / aerosol_shock_tube_low pressure / Second_generation_confo / Second_Generation_shock_tube ,2,10,,,,0,2,0,0,9,0,0,0,0,0,6,20,0
332,CCCCCCCCCCCC,1192,±1,5.06,±9.3,0.3437,21,78.6563,0.3,Ar,1110,Speceis,CH,,430,15.3,Stanford,aerosol_shock_tube / aerosol_shock_tube_low pressure / Second_generation_confo / Second_Generation_shock_tube ,2,10,,,,0,2,0,0,9,0,0,0,0,0,6,20,0
333,CCCCCCCCCCCC,1078,±1,4,±9.3,0.2074,21,78.7926,0.18,Ar,5605,Speceis,CH,,430,15.3,Stanford,aerosol_shock_tube / aerosol_shock_tube_low pressure / Second_generation_confo / Second_Generation_shock_tube ,2,10,,,,0,2,0,0,9,0,0,0,0,0,6,20,0
334,CCCCCCCCCCCC,976,±1,4.87,±9.3,0.4056,21,78.5944,0.36,Ar,6220,Speceis,CH,,430,15.3,Stanford,aerosol_shock_tube / aerosol_shock_tube_low pressure / Second_generation_confo / Second_Generation_shock_tube ,2,10,,,,0,2,0,0,9,0,0,0,0,0,6,20,0
335,CCCCCCCCCCCC,903,±1,5,±9.3,0.9297,21,78.0703,0.82,Ar,7825,Speceis,CH,,430,15.3,Stanford,aerosol_shock_tube / aerosol_shock_tube_low pressure / Second_generation_confo / Second_Generation_shock_tube ,2,10,,,,0,2,0,0,9,0,0,0,0,0,6,20,0
336,CCCCCCCCCCCC,1241,±1,4.79,±9.3,0.3488,21,78.6512,0.31,Ar,337,Speceis,CH,,430,15.3,Stanford,aerosol_shock_tube / aerosol_shock_tube_low pressure / Second_generation_confo / Second_Generation_shock_tube ,2,10,,,,0,2,0,0,9,0,0,0,0,0,6,20,0
337,CCCCCCCCCCCC,1351,±1,4.51,±9.3,0.2064,21,78.7936,0.18,Ar,233,Speceis,CH,,430,15.3,Stanford,aerosol_shock_tube / aerosol_shock_tube_low pressure / Second_generation_confo / Second_Generation_shock_tube ,2,10,,,,0,2,0,0,9,0,0,0,0,0,6,20,0
338,CCCCCCCCCCCC,979,±1,5.04,±9.3,2.138,21,76.862,1.88,Ar,306,Speceis,CH,,430,15.3,Stanford,aerosol_shock_tube / aerosol_shock_tube_low pressure / Second_generation_confo / Second_Generation_shock_tube ,2,10,,,,0,2,0,0,9,0,0,0,0,0,6,20,0
339,CCCCCCCCCCCC,1025,±1,6.06,±9.3,1.659,21,77.341,1.46,Ar,543,Speceis,CH,,430,15.3,Stanford,aerosol_shock_tube / aerosol_shock_tube_low pressure / Second_generation_confo / Second_Generation_shock_tube ,2,10,,,,0,2,0,0,9,0,0,0,0,0,6,20,0
340,CCCCCCCCCCCC,988,±1,6.46,±9.3,1.99,21,77.01,1.75,Ar,260,Speceis,CH,,430,15.3,Stanford,aerosol_shock_tube / aerosol_shock_tube_low pressure / Second_generation_confo / Second_Generation_shock_tube ,2,10,,,,0,2,0,0,9,0,0,0,0,0,6,20,0
341,CCCCCCCCCCCC,1112,±1,5.65,±9.3,0.1905,21,78.8095,0.17,Ar,2281,Speceis,CH,,430,15.3,Stanford,aerosol_shock_tube / aerosol_shock_tube_low pressure / Second_generation_confo / Second_Generation_shock_tube ,2,10,,,,0,2,0,0,9,0,0,0,0,0,6,20,0
342,CCCCCCCCCCCC,838,±1,6.26,±9.3,1.504,21,77.496,1.32,Ar,5352,Speceis,CH,,430,15.3,Stanford,aerosol_shock_tube / aerosol_shock_tube_low pressure / Second_generation_confo / Second_Generation_shock_tube ,2,10,,,,0,2,0,0,9,0,0,0,0,0,6,20,0
343,CCCCCCCCCCCC,939,±1,6.31,±9.3,1.802,21,77.198,1.59,Ar,544,Speceis,CH,,430,15.3,Stanford,aerosol_shock_tube / aerosol_shock_tube_low pressure / Second_generation_confo / Second_Generation_shock_tube ,2,10,,,,0,2,0,0,9,0,0,0,0,0,6,20,0
344,CCCCCCCCCCCC,964,±1,5.82,±9.3,1.289,21,77.711,1.14,Ar,1175,Speceis,CH,,430,15.3,Stanford,aerosol_shock_tube / aerosol_shock_tube_low pressure / Second_generation_confo / Second_Generation_shock_tube ,2,10,,,,0,2,0,0,9,0,0,0,0,0,6,20,0
345,CCCCCCCCCCCC,932,±1,6.01,±9.3,1.494,21,77.506,1.32,Ar,1559,Speceis,CH,,430,15.3,Stanford,aerosol_shock_tube / aerosol_shock_tube_low pressure / Second_generation_confo / Second_Generation_shock_tube ,2,10,,,,0,2,0,0,9,0,0,0,0,0,6,20,0
346,CCCCCCCCCCCC,1156,±1,5.34,±9.3,0.0558,21,78.9442,0.05,Ar,1526,Speceis,CH,,430,15.3,Stanford,aerosol_shock_tube / aerosol_shock_tube_low pressure / Second_generation_confo / Second_Generation_shock_tube ,2,10,,,,0,2,0,0,9,0,0,0,0,0,6,20,0
347,CCCCCCCCCCCC,1134,±1,5.2,±9.3,0.0662,21,78.9338,0.06,Ar,2006,Speceis,CH,,430,15.3,Stanford,aerosol_shock_tube / aerosol_shock_tube_low pressure / Second_generation_confo / Second_Generation_shock_tube ,2,10,,,,0,2,0,0,9,0,0,0,0,0,6,20,0
348,CCCCCCCCCCCC,1172,±1,6.19,±9.3,0.5336,21,78.4664,0.47,Ar,524,Speceis,CH,,430,15.3,Stanford,aerosol_shock_tube / aerosol_shock_tube_low pressure / Second_generation_confo / Second_Generation_shock_tube ,2,10,,,,0,2,0,0,9,0,0,0,0,0,6,20,0
349,CCCCCCCCCCCC,1191,±1,6.4,±9.3,0.589,21,78.411,0.52,Ar,550,Speceis,CH,,430,15.3,Stanford,aerosol_shock_tube / aerosol_shock_tube_low pressure / Second_generation_confo / Second_Generation_shock_tube ,2,10,,,,0,2,0,0,9,0,0,0,0,0,6,20,0
350,CCCCCCCCCCCC,1249,±1,6.23,±9.3,0.7572,21,78.2428,0.67,Ar,114,Speceis,CH,,430,15.3,Stanford,aerosol_shock_tube / aerosol_shock_tube_low pressure / Second_generation_confo / Second_Generation_shock_tube ,2,10,,,,0,2,0,0,9,0,0,0,0,0,6,20,0
351,CCCCCCCCCCCC,1284,±1,6.42,±9.3,0.8276,21,78.1724,0.73,Ar,80,Speceis,CH,,430,15.3,Stanford,aerosol_shock_tube / aerosol_shock_tube_low pressure / Second_generation_confo / Second_Generation_shock_tube ,2,10,,,,0,2,0,0,9,0,0,0,0,0,6,20,0
352,CCCCCCCCCCCC,1053,±1,6.56,±9.3,0.5649,21,78.4351,0.5,Ar,2105,Speceis,CH,,430,15.3,Stanford,aerosol_shock_tube / aerosol_shock_tube_low pressure / Second_generation_confo / Second_Generation_shock_tube ,2,10,,,,0,2,0,0,9,0,0,0,0,0,6,20,0
353,CCCCCCCCCCCC,1045,±1,6.71,±9.3,0.6098,21,78.3902,0.54,Ar,2753,Speceis,CH,,430,15.3,Stanford,aerosol_shock_tube / aerosol_shock_tube_low pressure / Second_generation_confo / Second_Generation_shock_tube ,2,10,,,,0,2,0,0,9,0,0,0,0,0,6,20,0
354,CCCCCCCCCCCC,1068,±1,6.4,±9.3,0.516,21,78.484,0.45,Ar,2126,Speceis,CH,,430,15.3,Stanford,aerosol_shock_tube / aerosol_shock_tube_low pressure / Second_generation_confo / Second_Generation_shock_tube ,2,10,,,,0,2,0,0,9,0,0,0,0,0,6,20,0
355,CCCCCCCCCCCC,1078,±1,6.32,±9.3,0.5023,21,78.4977,0.44,Ar,1624,Speceis,CH,,430,15.3,Stanford,aerosol_shock_tube / aerosol_shock_tube_low pressure / Second_generation_confo / Second_Generation_shock_tube ,2,10,,,,0,2,0,0,9,0,0,0,0,0,6,20,0
356,CCCCCCCCCCCC,1086,±1,6.32,±9.3,0.5655,21,78.4345,0.5,Ar,1422,Speceis,CH,,430,15.3,Stanford,aerosol_shock_tube / aerosol_shock_tube_low pressure / Second_generation_confo / Second_Generation_shock_tube ,2,10,,,,0,2,0,0,9,0,0,0,0,0,6,20,0
357,CCCCCCCCCCCC,1107,±1,6.25,±9.3,0.5533,21,78.4467,0.49,Ar,1200,Speceis,CH,,430,15.3,Stanford,aerosol_shock_tube / aerosol_shock_tube_low pressure / Second_generation_confo / Second_Generation_shock_tube ,2,10,,,,0,2,0,0,9,0,0,0,0,0,6,20,0
358,CCCCCCCCCCCC,1118,±1,6.18,±9.3,0.5678,21,78.4322,0.5,Ar,1081,Speceis,CH,,430,15.3,Stanford,aerosol_shock_tube / aerosol_shock_tube_low pressure / Second_generation_confo / Second_Generation_shock_tube ,2,10,,,,0,2,0,0,9,0,0,0,0,0,6,20,0
359,CCCCCCCCCCCC,1140,±1,6.07,±9.3,0.576,21,78.424,0.51,Ar,820,Speceis,CH,,430,15.3,Stanford,aerosol_shock_tube / aerosol_shock_tube_low pressure / Second_generation_confo / Second_Generation_shock_tube ,2,10,,,,0,2,0,0,9,0,0,0,0,0,6,20,0
360,CCCCCCCCCCCC,1345,±1,5.92,±9.3,0.6297,21,78.3703,0.55,Ar,123,Speceis,CH,,430,15.3,Stanford,aerosol_shock_tube / aerosol_shock_tube_low pressure / Second_generation_confo / Second_Generation_shock_tube ,2,10,,,,0,2,0,0,9,0,0,0,0,0,6,20,0
361,CCCCCCCCCCCC,1319,±1,5.78,±9.3,0.4595,21,78.5405,0.4,Ar,181,Speceis,CH,,430,15.3,Stanford,aerosol_shock_tube / aerosol_shock_tube_low pressure / Second_generation_confo / Second_Generation_shock_tube ,2,10,,,,0,2,0,0,9,0,0,0,0,0,6,20,0
362,CCCCCCCCCCCC,1117,±1,8.09,±9.3,0.7901,21,78.2099,0.7,Ar,412,Speceis,CH,,430,15.3,Stanford,aerosol_shock_tube / aerosol_shock_tube_low pressure / Second_generation_confo / Second_Generation_shock_tube ,2,10,,,,0,2,0,0,9,0,0,0,0,0,6,20,0
363,CCCCCCCCCCCC,1124,±1,8.24,±9.3,0.6972,21,78.3028,0.61,Ar,702,Speceis,CH,,430,15.3,Stanford,aerosol_shock_tube / aerosol_shock_tube_low pressure / Second_generation_confo / Second_Generation_shock_tube ,2,10,,,,0,2,0,0,9,0,0,0,0,0,6,20,0
364,CCCCCCCCCCCC,993,±1,4.23,±9.3,0.6795,21,78.3205,0.6,Ar,5732,Speceis,CH,,430,15.3,Stanford,aerosol_shock_tube / aerosol_shock_tube_low pressure / Second_generation_confo / Second_Generation_shock_tube ,2,10,,,,0,2,0,0,9,0,0,0,0,0,6,20,0
365,CCCCCCCCCCCC,921,±1,4.86,±9.3,1.231,21,77.769,1.08,Ar,6085,Speceis,CH,,430,15.3,Stanford,aerosol_shock_tube / aerosol_shock_tube_low pressure / Second_generation_confo / Second_Generation_shock_tube ,2,10,,,,0,2,0,0,9,0,0,0,0,0,6,20,0
366,CCCCCCCCCCCC,943,±1,5.21,±9.3,1.28,21,77.72,1.13,Ar,3804,Speceis,CH,,430,15.3,Stanford,aerosol_shock_tube / aerosol_shock_tube_low pressure / Second_generation_confo / Second_Generation_shock_tube ,2,10,,,,0,2,0,0,9,0,0,0,0,0,6,20,0
367,CCCCCCCCCCCC,932,±1,4.98,±9.3,1.24,21,77.76,1.09,Ar,4627,Speceis,CH,,430,15.3,Stanford,aerosol_shock_tube / aerosol_shock_tube_low pressure / Second_generation_confo / Second_Generation_shock_tube ,2,10,,,,0,2,0,0,9,0,0,0,0,0,6,20,0
368,CCCCCCCCCCCC,954,±1,5.05,±9.3,1.158,21,77.842,1.02,Ar,4169,Speceis,CH,,430,15.3,Stanford,aerosol_shock_tube / aerosol_shock_tube_low pressure / Second_generation_confo / Second_Generation_shock_tube ,2,10,,,,0,2,0,0,9,0,0,0,0,0,6,20,0
369,CCCCCCCCCCCC,1061,±1,4.1,±9.3,1.116,21,77.884,0.98,Ar,959,Speceis,CH,,430,15.3,Stanford,aerosol_shock_tube / aerosol_shock_tube_low pressure / Second_generation_confo / Second_Generation_shock_tube ,2,10,,,,0,2,0,0,9,0,0,0,0,0,6,20,0
370,CCCCCCCCCCCC,1019,±1,4.36,±9.3,0.9624,21,78.0376,0.85,Ar,1828,Speceis,CH,,430,15.3,Stanford,aerosol_shock_tube / aerosol_shock_tube_low pressure / Second_generation_confo / Second_Generation_shock_tube ,2,10,,,,0,2,0,0,9,0,0,0,0,0,6,20,0
371,CCCCCCCCCCCC,976,±1,4.49,±9.3,1,21,78,0.88,Ar,2555,Speceis,CH,,430,15.3,Stanford,aerosol_shock_tube / aerosol_shock_tube_low pressure / Second_generation_confo / Second_Generation_shock_tube ,2,10,,,,0,2,0,0,9,0,0,0,0,0,6,20,0
372,CCCCCCCCCCCC,1192,±1,4.57,±9.3,0.875,21,78.125,0.77,Ar,246,Speceis,CH,,430,15.3,Stanford,aerosol_shock_tube / aerosol_shock_tube_low pressure / Second_generation_confo / Second_Generation_shock_tube ,2,10,,,,0,2,0,0,9,0,0,0,0,0,6,20,0
373,CCCCCCCCCCCC,1118,±1,4.88,±9.3,0.8929,21,78.1071,0.79,Ar,587,Speceis,CH,,430,15.3,Stanford,aerosol_shock_tube / aerosol_shock_tube_low pressure / Second_generation_confo / Second_Generation_shock_tube ,2,10,,,,0,2,0,0,9,0,0,0,0,0,6,20,0
374,CCCCCCCCCCCC,1146,±1,4.01,±9.3,0.5656,21,78.4344,0.5,Ar,1027,Speceis,CH,,430,15.3,Stanford,aerosol_shock_tube / aerosol_shock_tube_low pressure / Second_generation_confo / Second_Generation_shock_tube ,2,10,,,,0,2,0,0,9,0,0,0,0,0,6,20,0
375,CCCCCCCCCCCC,1035,±1,4.43,±9.3,0.83,21,78.17,0.73,Ar,1803,Speceis,CH,,430,15.3,Stanford,aerosol_shock_tube / aerosol_shock_tube_low pressure / Second_generation_confo / Second_Generation_shock_tube ,2,10,,,,0,2,0,0,9,0,0,0,0,0,6,20,0
376,CCCCCCCCCCCC,1003,±1,4.68,±9.3,0.742,21,78.258,0.65,Ar,4081,Speceis,CH,,430,15.3,Stanford,aerosol_shock_tube / aerosol_shock_tube_low pressure / Second_generation_confo / Second_Generation_shock_tube ,2,10,,,,0,2,0,0,9,0,0,0,0,0,6,20,0
377,CCCCCCCCCCCC,1147,±1,4.97,±9.3,1.276,21,77.724,1.12,Ar,357,Speceis,CH,,430,15.3,Stanford,aerosol_shock_tube / aerosol_shock_tube_low pressure / Second_generation_confo / Second_Generation_shock_tube ,2,10,,,,0,2,0,0,9,0,0,0,0,0,6,20,0
378,CCCCCCCCCCCC,1220,±1,8.63,±9.3,0.4879,21,78.5121,0.43,Ar,292,Speceis,CH,,430,15.3,Stanford,aerosol_shock_tube / aerosol_shock_tube_low pressure / Second_generation_confo / Second_Generation_shock_tube ,2,10,,,,0,2,0,0,9,0,0,0,0,0,6,20,0
379,CCCCCCCCCCCC,1172,±1,5.33,±9.3,0.7078,21,78.2922,0.62,Ar,663,Speceis,CH,,430,15.3,Stanford,aerosol_shock_tube / aerosol_shock_tube_low pressure / Second_generation_confo / Second_Generation_shock_tube ,2,10,,,,0,2,0,0,9,0,0,0,0,0,6,20,0
380,CCCCCCCCCCCC,1011,±1,6.57,±9.3,1.179,21,77.821,1.04,Ar,1100,Speceis,CH,,430,15.3,Stanford,aerosol_shock_tube / aerosol_shock_tube_low pressure / Second_generation_confo / Second_Generation_shock_tube ,2,10,,,,0,2,0,0,9,0,0,0,0,0,6,20,0
381,CCCCCCCCCCCC,940,±1,7,±9.3,1.166,21,77.834,1.03,Ar,2599,Speceis,CH,,430,15.3,Stanford,aerosol_shock_tube / aerosol_shock_tube_low pressure / Second_generation_confo / Second_Generation_shock_tube ,2,10,,,,0,2,0,0,9,0,0,0,0,0,6,20,0
382,CCCCCCCCCCCC,958,±1,6.57,±9.3,1.169,21,77.831,1.03,Ar,2041,Speceis,CH,,430,15.3,Stanford,aerosol_shock_tube / aerosol_shock_tube_low pressure / Second_generation_confo / Second_Generation_shock_tube ,2,10,,,,0,2,0,0,9,0,0,0,0,0,6,20,0
383,CCCCCCCCCCCC,921,±1,6.25,±9.3,0.9985,21,78.0015,0.88,Ar,5556,Speceis,CH,,430,15.3,Stanford,aerosol_shock_tube / aerosol_shock_tube_low pressure / Second_generation_confo / Second_Generation_shock_tube ,2,10,,,,0,2,0,0,9,0,0,0,0,0,6,20,0
384,CCCCCCCCCCCC,1037,±1,5.69,±9.3,0.5463,21,78.4537,0.48,Ar,2607,Speceis,CH,,430,15.3,Stanford,aerosol_shock_tube / aerosol_shock_tube_low pressure / Second_generation_confo / Second_Generation_shock_tube ,2,10,,,,0,2,0,0,9,0,0,0,0,0,6,20,0
385,CCCCCCCCCCCC,1049,±1,5.76,±9.3,0.5734,21,78.4266,0.51,Ar,2581,Speceis,CH,,430,15.3,Stanford,aerosol_shock_tube / aerosol_shock_tube_low pressure / Second_generation_confo / Second_Generation_shock_tube ,2,10,,,,0,2,0,0,9,0,0,0,0,0,6,20,0
386,CCCCCCCCCCCC,1126,,6.7,,0.57,21,78.43,0.5,N2,1069,Speceis,CH,,430,15.3,Stanford,n_Dodecane_Nano,2,10,,,,0,2,0,0,9,0,0,0,0,0,6,20,0
387,CCCCCCCCCCCC,1145,,6.7,,0.57,21,78.43,0.5,N2,605,Speceis,CH,,430,15.3,Stanford,n_Dodecane_Nano,2,10,,,,0,2,0,0,9,0,0,0,0,0,6,20,0
388,CCCCCCCCCCCC,1173,,6.7,,0.57,21,78.43,0.5,N2,475,Speceis,CH,,430,15.3,Stanford,n_Dodecane_Nano,2,10,,,,0,2,0,0,9,0,0,0,0,0,6,20,0
389,CCCCCCCCCCCC,1175,,6.7,,0.57,21,78.43,0.5,N2,675,Speceis,CH,,430,15.3,Stanford,n_Dodecane_Nano,2,10,,,,0,2,0,0,9,0,0,0,0,0,6,20,0
390,CCCCCCCCCCCC,1187,,7.1,,0.21,21,78.79,0.18,N2,793,Speceis,CH,,430,15.3,Stanford,n_Dodecane_Nano,2,10,,,,0,2,0,0,9,0,0,0,0,0,6,20,0
391,CCCCCCCCCCCC,1141,,6.7,,0.57,21,78.43,0.5,N2,680,Speceis,CH,,430,15.3,Stanford,n_Dodecane_Nano,2,10,,,,0,2,0,0,9,0,0,0,0,0,6,20,0
392,CCCCCCCCCCCC,1187,,6.7,,0.57,21,78.43,0.5,N2,395,Speceis,CH,,430,15.3,Stanford,n_Dodecane_Nano,2,10,,,,0,2,0,0,9,0,0,0,0,0,6,20,0
393,CCCCCCCCCCCC,1224,,6.7,,0.57,21,78.43,0.5,N2,253,Speceis,CH,,430,15.3,Stanford,n_Dodecane_Nano,2,10,,,,0,2,0,0,9,0,0,0,0,0,6,20,0
394,CCCCCCCCCCCC,1243,,7.53,,0.39,21,78.61,0.34,N2,130,Speceis,CH,,430,15.3,Stanford,n_Dodecane_Nano,2,10,,,,0,2,0,0,9,0,0,0,0,0,6,20,0
395,CCCCCCCCCCCC,1249,,6.7,,0.57,21,78.43,0.5,N2,84,Speceis,CH,,430,15.3,Stanford,n_Dodecane_Nano,2,10,,,,0,2,0,0,9,0,0,0,0,0,6,20,0
396,CCCCCCCCCCCC,1108,,6.7,,0.57,21,78.43,0.5,N2,1339,Speceis,CH,,430,15.3,Stanford,n_Dodecane_Nano,2,10,,,,0,2,0,0,9,0,0,0,0,0,6,20,0
397,CCCCCCCCCCCC,1196,,6.7,,0.57,21,78.43,0.5,N2,229,Speceis,CH,,430,15.3,Stanford,n_Dodecane_Nano,2,10,,,,0,2,0,0,9,0,0,0,0,0,6,20,0
398,CCCCCCCCCCCC,1238,,6.7,,0.57,21,78.43,0.5,N2,109,Speceis,CH,,430,15.3,Stanford,n_Dodecane_Nano,2,10,,,,0,2,0,0,9,0,0,0,0,0,6,20,0
399,CCCCCCCCCCCC,1330,,2.25,,0.0445,0.75,99.2055,1,N2,1592,Speceis,CH,,430,15.3,Stanford,n_Dodecane_Nano,2,10,,,,0,2,0,0,9,0,0,0,0,0,6,20,0
400,CCCCCCCCCCCC,1403,,2.41,,0.0445,0.75,99.2055,1,N2,586,Speceis,CH,,430,15.3,Stanford,n_Dodecane_Nano,2,10,,,,0,2,0,0,9,0,0,0,0,0,6,20,0
401,CCCCCCCCCCCC,1406,,2.37,,0.047,0.75,99.203,1,N2,571,Speceis,CH,,430,15.3,Stanford,n_Dodecane_Nano,2,10,,,,0,2,0,0,9,0,0,0,0,0,6,20,0
402,CCCCCCCCCCCC,1430,,2.33,,0.0445,0.75,99.2055,1,N2,349,Speceis,CH,,430,15.3,Stanford,n_Dodecane_Nano,2,10,,,,0,2,0,0,9,0,0,0,0,0,6,20,0
403,CCCCCCCCCCCC,1477,,2.25,,0.05,0.75,99.2,1,N2,216,Speceis,CH,,430,15.3,Stanford,n_Dodecane_Nano,2,10,,,,0,2,0,0,9,0,0,0,0,0,6,20,0
404,CCCCCCCCCCCC,1528,,2.24,,0.047,0.75,99.203,1,N2,116,Speceis,CH,,430,15.3,Stanford,n_Dodecane_Nano,2,10,,,,0,2,0,0,9,0,0,0,0,0,6,20,0
405,CCCCCCCCCCCC,1585,,2.23,,0.04,0.75,99.21,1,N2,58,Speceis,CH,,430,15.3,Stanford,n_Dodecane_Nano,2,10,,,,0,2,0,0,9,0,0,0,0,0,6,20,0
406,CCCCCCCCCCCC,1637,,2.26,,0.043,0.75,99.207,1,N2,36,Speceis,CH,,430,15.3,Stanford,n_Dodecane_Nano,2,10,,,,0,2,0,0,9,0,0,0,0,0,6,20,0
407,CCCCCCCCCCCC,1652,,2.23,,0.0371,0.75,99.2129,1,N2,27,Speceis,CH,,430,15.3,Stanford,n_Dodecane_Nano,2,10,,,,0,2,0,0,9,0,0,0,0,0,6,20,0
408,CCCCCCCCCCCC,1536,,2.17,,0.044,0.75,99.206,1,N2,140,Speceis,CH,,430,15.3,Stanford,n_Dodecane_Nano,2,10,,,,0,2,0,0,9,0,0,0,0,0,6,20,0
409,CCCCCCCCCCCC,1657,,2.12,,0.0485,0.75,99.2015,1,N2,56,Speceis,CH,,430,15.3,Stanford,n_Dodecane_Nano,2,10,,,,0,2,0,0,9,0,0,0,0,0,6,20,0
410,CCCCCCCCCCCC,1418,,2.35,,0.047,0.75,99.203,1,N2,614,Speceis,CH,,430,15.3,Stanford,n_Dodecane_Nano,2,10,,,,0,2,0,0,9,0,0,0,0,0,6,20,0
411,CCCCCCCCCCCC,1607,,2.17,,0.046,0.75,99.204,1,N2,84,Speceis,CH,,430,15.3,Stanford,n_Dodecane_Nano,2,10,,,,0,2,0,0,9,0,0,0,0,0,6,20,0
412,CCCCCCCCCCCC,1583,,2.14,,0.045,0.75,99.205,1,N2,90,Speceis,CH,,430,15.3,Stanford,n_Dodecane_Nano,2,10,,,,0,2,0,0,9,0,0,0,0,0,6,20,0
413,CCCCCCCCCCCC,1612,,2.09,,0.047,0.75,99.203,1,N2,80,Speceis,CH,,430,15.3,Stanford,n_Dodecane_Nano,2,10,,,,0,2,0,0,9,0,0,0,0,0,6,20,0
414,CCCCCCCCCCCC,1450,,2.26,,0.0475,0.75,99.2025,1,N2,461,Speceis,CH,,430,15.3,Stanford,n_Dodecane_Nano,2,10,,,,0,2,0,0,9,0,0,0,0,0,6,20,0
415,CCCCCCCCCCCC,1496,,2.22,,0.048,0.75,99.202,1,N2,242,Speceis,CH,,430,15.3,Stanford,n_Dodecane_Nano,2,10,,,,0,2,0,0,9,0,0,0,0,0,6,20,0
416,CCCCCCCCCCCC,1381,,2.32,,0.0485,0.75,99.2015,1,N2,1020,Speceis,CH,,430,15.3,Stanford,n_Dodecane_Nano,2,10,,,,0,2,0,0,9,0,0,0,0,0,6,20,0
417,CCCCCCCCCCCC,1553,,2.25,,0.05,0.7776,99.1724,1,N2,276,Speceis,CH,,430,15.3,Stanford,n_Dodecane_Nano,2,10,,,,0,2,0,0,9,0,0,0,0,0,6,20,0
418,CCCCCCCCCCCC,1407,,2.28,,0.046,0.7617,99.1923,1,N2,791,Speceis,CH,,430,15.3,Stanford,n_Dodecane_Nano,2,10,,,,0,2,0,0,9,0,0,0,0,0,6,20,0
419,CCCCCCCCCCCC,1387,,2.34,,0.05,0.7489,99.2011,1,N2,1197,Speceis,CH,,430,15.3,Stanford,n_Dodecane_Nano,2,10,,,,0,2,0,0,9,0,0,0,0,0,6,20,0
420,CCCCCCCCCCCC,1466,,2.26,,0.0476,0.7525,99.1999,1,N2,438,Speceis,CH,,430,15.3,Stanford,n_Dodecane_Nano,2,10,,,,0,2,0,0,9,0,0,0,0,0,6,20,0
421,CCCCCCCCCCCC,1427,,2.07,,0.051,0.7572,99.1918,1,N2,655,Speceis,CH,,430,15.3,Stanford,n_Dodecane_Nano,2,10,,,,0,2,0,0,9,0,0,0,0,0,6,20,0
422,CCCCCCCCCCCC,1545,,2.07,,0.0505,0.7427,99.2068,1,N2,262,Speceis,CH,,430,15.3,Stanford,n_Dodecane_Nano,2,10,,,,0,2,0,0,9,0,0,0,0,0,6,20,0
423,CCCCCCCCCCCC,1645,,2.13,,0.0428,0.7452,99.212,1,N2,91,Speceis,CH,,430,15.3,Stanford,n_Dodecane_Nano,2,10,,,,0,2,0,0,9,0,0,0,0,0,6,20,0
424,CCCCCCCCCCCC,1618,,2.14,,0.048,0.7635,99.1885,1,N2,96,Speceis,CH,,430,15.3,Stanford,n_Dodecane_Nano,2,10,,,,0,2,0,0,9,0,0,0,0,0,6,20,0
425,CCCCCCCCCCCC,1394,,2.3,,0.043,0.731,99.226,1,N2,1463,Speceis,CH,,430,15.3,Stanford,n_Dodecane_Nano,2,10,,,,0,2,0,0,9,0,0,0,0,0,6,20,0
426,CCCCCCCCCCCC,1415,,2.47,,0.0456,0.7657,99.1887,1,N2,790,Speceis,CH,,430,15.3,Stanford,n_Dodecane_Nano,2,10,,,,0,2,0,0,9,0,0,0,0,0,6,20,0
427,CCCCCCCCCCCC,747,±1,26,,0.565,20.89,78.545,0.5,N2,2243,Species,OH,±5,306,5,Stanford,n_Dodecane / Vasu_2010_thesis,2,10,,,,0,2,0,0,9,0,0,0,0,0,6,20,0
428,CCCCCCCCCCCC,806,±1,25,,0.565,20.89,78.545,0.5,N2,1522,Species,OH,±5,306,5,Stanford,n_Dodecane / Vasu_2010_thesis,2,10,,,,0,2,0,0,9,0,0,0,0,0,6,20,0
429,CCCCCCCCCCCC,873,±1,23.1,,0.565,20.89,78.545,0.5,N2,1918,Species,OH,±5,306,5,Stanford,n_Dodecane / Vasu_2010_thesis,2,10,,,,0,2,0,0,9,0,0,0,0,0,6,20,0
430,CCCCCCCCCCCC,910,±1,22.7,,0.565,20.89,78.545,0.5,N2,2134,Species,OH,±5,306,5,Stanford,n_Dodecane / Vasu_2010_thesis,2,10,,,,0,2,0,0,9,0,0,0,0,0,6,20,0
431,CCCCCCCCCCCC,943,±1,18.1,,0.565,20.89,78.545,0.5,N2,2276,Species,OH,±5,306,5,Stanford,n_Dodecane / Vasu_2010_thesis,2,10,,,,0,2,0,0,9,0,0,0,0,0,6,20,0
432,CCCCCCCCCCCC,996,±1,20.3,,0.565,20.89,78.545,0.5,N2,1245,Species,OH,±5,306,5,Stanford,n_Dodecane / Vasu_2010_thesis,2,10,,,,0,2,0,0,9,0,0,0,0,0,6,20,0
433,CCCCCCCCCCCC,1039,±1,21,,0.565,20.89,78.545,0.5,N2,826,Species,OH,±5,306,5,Stanford,n_Dodecane / Vasu_2010_thesis,2,10,,,,0,2,0,0,9,0,0,0,0,0,6,20,0
434,CCCCCCCCCCCC,1049,±1,18.9,,0.565,20.89,78.545,0.5,N2,839,Species,OH,±5,306,5,Stanford,n_Dodecane / Vasu_2010_thesis,2,10,,,,0,2,0,0,9,0,0,0,0,0,6,20,0
435,CCCCCCCCCCCC,1054,±1,20.1,,0.565,20.89,78.545,0.5,N2,788,Species,OH,±5,306,5,Stanford,n_Dodecane / Vasu_2010_thesis,2,10,,,,0,2,0,0,9,0,0,0,0,0,6,20,0
436,CCCCCCCCCCCC,1082,±1,18.4,,0.565,20.89,78.545,0.5,N2,566,Species,OH,±5,306,5,Stanford,n_Dodecane / Vasu_2010_thesis,2,10,,,,0,2,0,0,9,0,0,0,0,0,6,20,0
437,CCCCCCCCCCCC,1087,±1,19.6,,0.565,20.89,78.545,0.5,N2,527,Species,OH,±5,306,5,Stanford,n_Dodecane / Vasu_2010_thesis,2,10,,,,0,2,0,0,9,0,0,0,0,0,6,20,0
438,CCCCCCCCCCCC,1117,±1,30.9,,0.565,20.89,78.545,0.5,N2,266,Species,OH,±5,306,5,Stanford,n_Dodecane / Vasu_2010_thesis,2,10,,,,0,2,0,0,9,0,0,0,0,0,6,20,0
439,CCCCCCCCCCCC,1118,±1,20.3,,0.565,20.89,78.545,0.5,N2,346,Species,OH,±5,306,5,Stanford,n_Dodecane / Vasu_2010_thesis,2,10,,,,0,2,0,0,9,0,0,0,0,0,6,20,0
440,CCCCCCCCCCCC,1149,±1,21,,0.565,20.89,78.545,0.5,N2,261,Species,OH,±5,306,5,Stanford,n_Dodecane / Vasu_2010_thesis,2,10,,,,0,2,0,0,9,0,0,0,0,0,6,20,0
441,CCCCCCCCCCCC,1163,±1,21.2,,0.565,20.89,78.545,0.5,N2,213,Species,OH,±5,306,5,Stanford,n_Dodecane / Vasu_2010_thesis,2,10,,,,0,2,0,0,9,0,0,0,0,0,6,20,0
442,CCCCCCCCCCCC,1177,±1,20.8,,0.565,20.89,78.545,0.5,N2,165,Species,OH,±5,306,5,Stanford,n_Dodecane / Vasu_2010_thesis,2,10,,,,0,2,0,0,9,0,0,0,0,0,6,20,0
443,CCCCCCCCCCCC,727,±1,27,,1.123,20.77,78.107,1,N2,809,Species,OH,±5,306,5,Stanford,n_Dodecane / Vasu_2010_thesis,2,10,,,,0,2,0,0,9,0,0,0,0,0,6,20,0
444,CCCCCCCCCCCC,773,±1,28.7,,1.123,20.77,78.107,1,N2,556,Species,OH,±5,306,5,Stanford,n_Dodecane / Vasu_2010_thesis,2,10,,,,0,2,0,0,9,0,0,0,0,0,6,20,0
445,CCCCCCCCCCCC,818,±1,26.9,,1.123,20.77,78.107,1,N2,881,Species,OH,±5,306,5,Stanford,n_Dodecane / Vasu_2010_thesis,2,10,,,,0,2,0,0,9,0,0,0,0,0,6,20,0
446,CCCCCCCCCCCC,822,±1,23.3,,1.123,20.77,78.107,1,N2,805,Species,OH,±5,306,5,Stanford,n_Dodecane / Vasu_2010_thesis,2,10,,,,0,2,0,0,9,0,0,0,0,0,6,20,0
447,CCCCCCCCCCCC,855,±1,25.9,,1.123,20.77,78.107,1,N2,875,Species,OH,±5,306,5,Stanford,n_Dodecane / Vasu_2010_thesis,2,10,,,,0,2,0,0,9,0,0,0,0,0,6,20,0
448,CCCCCCCCCCCC,869,±1,22.5,,1.123,20.77,78.107,1,N2,1040,Species,OH,±5,306,5,Stanford,n_Dodecane / Vasu_2010_thesis,2,10,,,,0,2,0,0,9,0,0,0,0,0,6,20,0
449,CCCCCCCCCCCC,907,±1,23.4,,1.123,20.77,78.107,1,N2,1081,Species,OH,±5,306,5,Stanford,n_Dodecane / Vasu_2010_thesis,2,10,,,,0,2,0,0,9,0,0,0,0,0,6,20,0
450,CCCCCCCCCCCC,942,±1,21,,1.123,20.77,78.107,1,N2,1116,Species,OH,±5,306,5,Stanford,n_Dodecane / Vasu_2010_thesis,2,10,,,,0,2,0,0,9,0,0,0,0,0,6,20,0
451,CCCCCCCCCCCC,953,±1,20,,1.123,20.77,78.107,1,N2,1141,Species,OH,±5,306,5,Stanford,n_Dodecane / Vasu_2010_thesis,2,10,,,,0,2,0,0,9,0,0,0,0,0,6,20,0
452,CCCCCCCCCCCC,957,±1,19.8,,1.123,20.77,78.107,1,N2,1064,Species,OH,±5,306,5,Stanford,n_Dodecane / Vasu_2010_thesis,2,10,,,,0,2,0,0,9,0,0,0,0,0,6,20,0
453,CCCCCCCCCCCC,976,±1,20.5,,1.123,20.77,78.107,1,N2,800,Species,OH,±5,306,5,Stanford,n_Dodecane / Vasu_2010_thesis,2,10,,,,0,2,0,0,9,0,0,0,0,0,6,20,0
454,CCCCCCCCCCCC,978,±1,22.9,,1.123,20.77,78.107,1,N2,912,Species,OH,±5,306,5,Stanford,n_Dodecane / Vasu_2010_thesis,2,10,,,,0,2,0,0,9,0,0,0,0,0,6,20,0
455,CCCCCCCCCCCC,987,±1,22,,1.123,20.77,78.107,1,N2,699,Species,OH,±5,306,5,Stanford,n_Dodecane / Vasu_2010_thesis,2,10,,,,0,2,0,0,9,0,0,0,0,0,6,20,0
456,CCCCCCCCCCCC,991,±1,21.8,,1.123,20.77,78.107,1,N2,645,Species,OH,±5,306,5,Stanford,n_Dodecane / Vasu_2010_thesis,2,10,,,,0,2,0,0,9,0,0,0,0,0,6,20,0
457,CCCCCCCCCCCC,992,±1,20.4,,1.123,20.77,78.107,1,N2,739,Species,OH,±5,306,5,Stanford,n_Dodecane / Vasu_2010_thesis,2,10,,,,0,2,0,0,9,0,0,0,0,0,6,20,0
458,CCCCCCCCCCCC,1008,±1,22.4,,1.123,20.77,78.107,1,N2,570,Species,OH,±5,306,5,Stanford,n_Dodecane / Vasu_2010_thesis,2,10,,,,0,2,0,0,9,0,0,0,0,0,6,20,0
459,CCCCCCCCCCCC,1015,±1,22.3,,1.123,20.77,78.107,1,N2,508,Species,OH,±5,306,5,Stanford,n_Dodecane / Vasu_2010_thesis,2,10,,,,0,2,0,0,9,0,0,0,0,0,6,20,0
460,CCCCCCCCCCCC,1036,±1,22.1,,1.123,20.77,78.107,1,N2,432,Species,OH,±5,306,5,Stanford,n_Dodecane / Vasu_2010_thesis,2,10,,,,0,2,0,0,9,0,0,0,0,0,6,20,0
461,CCCCCCCCCCCC,1087,±1,19.4,,1.123,20.77,78.107,1,N2,403,Species,OH,±5,306,5,Stanford,n_Dodecane / Vasu_2010_thesis,2,10,,,,0,2,0,0,9,0,0,0,0,0,6,20,0
462,CCCCCCCCCCCC,1102,±1,20.8,,1.123,20.77,78.107,1,N2,268,Species,OH,±5,306,5,Stanford,n_Dodecane / Vasu_2010_thesis,2,10,,,,0,2,0,0,9,0,0,0,0,0,6,20,0
463,CCCCCCCCCCCC,1107,±1,23.3,,1.123,20.77,78.107,1,N2,298,Species,OH,±5,306,5,Stanford,n_Dodecane / Vasu_2010_thesis,2,10,,,,0,2,0,0,9,0,0,0,0,0,6,20,0
464,CCCCCCCCCCCC,1109,±1,23,,1.123,20.77,78.107,1,N2,278,Species,OH,±5,306,5,Stanford,n_Dodecane / Vasu_2010_thesis,2,10,,,,0,2,0,0,9,0,0,0,0,0,6,20,0
465,CCCCCCCCCCCC,1118,±1,33.7,,1.123,20.77,78.107,1,N2,183,Species,OH,±5,306,5,Stanford,n_Dodecane / Vasu_2010_thesis,2,10,,,,0,2,0,0,9,0,0,0,0,0,6,20,0
466,CCCCCCCCCCCC,1123,±1,24,,1.123,20.77,78.107,1,N2,262,Species,OH,±5,306,5,Stanford,n_Dodecane / Vasu_2010_thesis,2,10,,,,0,2,0,0,9,0,0,0,0,0,6,20,0
467,CCCCCCCCCCCC,1125,±1,18.7,,1.123,20.77,78.107,1,N2,188,Species,OH,±5,306,5,Stanford,n_Dodecane / Vasu_2010_thesis,2,10,,,,0,2,0,0,9,0,0,0,0,0,6,20,0
468,CCCCCCCCCCCC,1135,±1,20.6,,1.123,20.77,78.107,1,N2,178,Species,OH,±5,306,5,Stanford,n_Dodecane / Vasu_2010_thesis,2,10,,,,0,2,0,0,9,0,0,0,0,0,6,20,0
469,CCCCCCCCCCCC,1230,±1,16.73,,0.1,3.596,96.304,0.5,N2,429,Species,OH,±5,306,5,Stanford,n_Dodecane / Vasu_2010_thesis,2,10,,,,0,2,0,0,9,0,0,0,0,0,6,20,0
470,CCCCCCCCCCCC,1217,±1,16.07,,0.1,3.596,96.304,0.5,N2,508,Species,OH,±5,306,5,Stanford,n_Dodecane / Vasu_2010_thesis,2,10,,,,0,2,0,0,9,0,0,0,0,0,6,20,0
471,CCCCCCCCCCCC,1196,±1,15.77,,0.1,3.596,96.304,0.5,N2,701,Species,OH,±5,306,5,Stanford,n_Dodecane / Vasu_2010_thesis,2,10,,,,0,2,0,0,9,0,0,0,0,0,6,20,0
472,CCCCCCCCCCCC,1186,±1,15.38,,0.1,3.596,96.304,0.5,N2,822,Species,OH,±5,306,5,Stanford,n_Dodecane / Vasu_2010_thesis,2,10,,,,0,2,0,0,9,0,0,0,0,0,6,20,0
473,CCCCCCCCCCCC,1158,±1,15.19,,0.1,3.596,96.304,0.5,N2,1181,Species,OH,±5,306,5,Stanford,n_Dodecane / Vasu_2010_thesis,2,10,,,,0,2,0,0,9,0,0,0,0,0,6,20,0
474,CCCCCCCCCCCC,1322,±1,15.52,,0.05146,1.911,98.03754,0.5,N2,293,Species,OH,±5,306,5,Stanford,n_Dodecane / Vasu_2010_thesis,2,10,,,,0,2,0,0,9,0,0,0,0,0,6,20,0
475,CCCCCCCCCCCC,1258,±1,15.31,,0.05146,1.911,98.03754,0.5,N2,682,Species,OH,±5,306,5,Stanford,n_Dodecane / Vasu_2010_thesis,2,10,,,,0,2,0,0,9,0,0,0,0,0,6,20,0
476,CCCCCCCCCCCC,1252,±1,15.08,,0.05146,1.911,98.03754,0.5,N2,713,Species,OH,±5,306,5,Stanford,n_Dodecane / Vasu_2010_thesis,2,10,,,,0,2,0,0,9,0,0,0,0,0,6,20,0
477,CCCCCCCCCCCC,1219,±1,16.1,,0.1,3.725,96.175,0.5,N2,485,Species,OH,±5,306,5,Stanford,n_Dodecane / Vasu_2010_thesis,2,10,,,,0,2,0,0,9,0,0,0,0,0,6,20,0
478,CCCCCCCCCCCC,1211,±1,16.13,,0.1,3.725,96.175,0.5,N2,534,Species,OH,±5,306,5,Stanford,n_Dodecane / Vasu_2010_thesis,2,10,,,,0,2,0,0,9,0,0,0,0,0,6,20,0
479,CCCCCCCCCCCC,1179,±1,15.93,,0.1,3.725,96.175,0.5,N2,847,Species,OH,±5,306,5,Stanford,n_Dodecane / Vasu_2010_thesis,2,10,,,,0,2,0,0,9,0,0,0,0,0,6,20,0
480,CCCCCCCCCCCC,1222,±1,15.84,,0.075,2.786,97.139,0.5,N2,625,Species,OH,±5,306,5,Stanford,n_Dodecane / Vasu_2010_thesis,2,10,,,,0,2,0,0,9,0,0,0,0,0,6,20,0
481,CCCCCCCCCCCC,1221,±1,15.45,,0.075,2.786,97.139,0.5,N2,685,Species,OH,±5,306,5,Stanford,n_Dodecane / Vasu_2010_thesis,2,10,,,,0,2,0,0,9,0,0,0,0,0,6,20,0
482,CCCCCCCCCCCC,1192,±1,14.98,,0.075,2.786,97.139,0.5,N2,1056,Species,OH,±5,306,5,Stanford,n_Dodecane / Vasu_2010_thesis,2,10,,,,0,2,0,0,9,0,0,0,0,0,6,20,0
483,CCCCCCCCCCCC,1422,±1,15.5,,0.1,3.7,96.2,0.5,N2,30,Species,OH,±5,306,5,Stanford,n_Dodecane / Vasu_2010_thesis,2,10,,,,0,2,0,0,9,0,0,0,0,0,6,20,0
484,CCCCCCCCCCCC,1280,±1,16.57,,0.1,3.7,96.2,0.5,N2,195,Species,OH,±5,306,5,Stanford,n_Dodecane / Vasu_2010_thesis,2,10,,,,0,2,0,0,9,0,0,0,0,0,6,20,0
644,CCCCCCC,1446,±1,1.15,,0.4,4.8,94.8,0.9,Ar,234,Species,CH,±5,431,15.3,Stanford,Horning_2001_thesis / Autoignition_ n_Alkane,2,5,,,,0,2,0,0,4,0,0,0,0,0,6,10,0
645,CCCCCCC,1381,±1,1.18,,0.4,4.8,94.8,0.9,Ar,488,Species,CH,±5,431,15.3,Stanford,Horning_2001_thesis / Autoignition_ n_Alkane,2,5,,,,0,2,0,0,4,0,0,0,0,0,6,10,0
646,CCCCCCC,1491,±1,1.23,,0.4,4.8,94.8,0.9,Ar,137,Species,CH,±5,431,15.3,Stanford,Horning_2001_thesis / Autoignition_ n_Alkane,2,5,,,,0,2,0,0,4,0,0,0,0,0,6,10,0
647,CCCCCCC,1438,±1,1.22,,0.4,4.8,94.8,0.9,Ar,238,Species,CH,±5,431,15.3,Stanford,Horning_2001_thesis / Autoignition_ n_Alkane,2,5,,,,0,2,0,0,4,0,0,0,0,0,6,10,0
648,CCCCCCC,1492,±1,1.22,,0.36,4.4,95.24,0.9,Ar,141,Species,CH,±5,431,15.3,Stanford,Horning_2001_thesis / Autoignition_ n_Alkane,2,5,,,,0,2,0,0,4,0,0,0,0,0,6,10,0
649,CCCCCCC,1501,±1,1.25,,0.36,4.4,95.24,0.9,Ar,125,Species,CH,±5,431,15.3,Stanford,Horning_2001_thesis / Autoignition_ n_Alkane,2,5,,,,0,2,0,0,4,0,0,0,0,0,6,10,0
650,CCCCCCC,1476,±1,1.25,,0.36,4.4,95.24,0.9,Ar,163,Species,CH,±5,431,15.3,Stanford,Horning_2001_thesis / Autoignition_ n_Alkane,2,5,,,,0,2,0,0,4,0,0,0,0,0,6,10,0
651,CCCCCCC,1486,±1,1.23,,0.4,4.4,95.2,1,Ar,159,Species,CH,±5,431,15.3,Stanford,Horning_2001_thesis / Autoignition_ n_Alkane,2,5,,,,0,2,0,0,4,0,0,0,0,0,6,10,0
652,CCCCCCC,1458,±1,1.27,,0.4,4.4,95.2,1,Ar,208,Species,CH,±5,431,15.3,Stanford,Horning_2001_thesis / Autoignition_ n_Alkane,2,5,,,,0,2,0,0,4,0,0,0,0,0,6,10,0
653,CCCCCCC,1428,±1,1.27,,0.4,4.4,95.2,1,Ar,296,Species,CH,±5,431,15.3,Stanford,Horning_2001_thesis / Autoignition_ n_Alkane,2,5,,,,0,2,0,0,4,0,0,0,0,0,6,10,0
654,CCCCCCC,1455,±1,1.2,,0.4,8.8,90.8,0.5,Ar,86,Species,CH,±5,431,15.3,Stanford,Horning_2001_thesis / Autoignition_ n_Alkane,2,5,,,,0,2,0,0,4,0,0,0,0,0,6,10,0
655,CCCCCCC,1413,±1,1.32,,0.4,8.8,90.8,0.5,Ar,121,Species,CH,±5,431,15.3,Stanford,Horning_2001_thesis / Autoignition_ n_Alkane,2,5,,,,0,2,0,0,4,0,0,0,0,0,6,10,0
656,CCCCCCC,1347,±1,1.3,,0.4,8.8,90.8,0.5,Ar,286,Species,CH,±5,431,15.3,Stanford,Horning_2001_thesis / Autoignition_ n_Alkane,2,5,,,,0,2,0,0,4,0,0,0,0,0,6,10,0
657,CCCCCCC,1676,±1,1.22,,0.4,2.2,97.4,2,Ar,147,Species,CH,±5,431,15.3,Stanford,Horning_2001_thesis / Autoignition_ n_Alkane,2,5,,,,0,2,0,0,4,0,0,0,0,0,6,10,0
658,CCCCCCC,1529,±1,1.26,,0.4,2.2,97.4,2,Ar,442,Species,CH,±5,431,15.3,Stanford,Horning_2001_thesis / Autoignition_ n_Alkane,2,5,,,,0,2,0,0,4,0,0,0,0,0,6,10,0
659,CCCCCCC,1619,±1,1.22,,0.4,2.2,97.4,2,Ar,210,Species,CH,±5,431,15.3,Stanford,Horning_2001_thesis / Autoignition_ n_Alkane,2,5,,,,0,2,0,0,4,0,0,0,0,0,6,10,0
660,CCCCCCC,1396,±1,1.23,,0.4,8.8,90.8,0.5,Ar,161,Species,CH,±5,431,15.3,Stanford,Horning_2001_thesis / Autoignition_ n_Alkane,2,5,,,,0,2,0,0,4,0,0,0,0,0,6,10,0
661,CCCCCCC,1347,±1,1.29,,0.4,8.8,90.8,0.5,Ar,308,Species,CH,±5,431,15.3,Stanford,Horning_2001_thesis / Autoignition_ n_Alkane,2,5,,,,0,2,0,0,4,0,0,0,0,0,6,10,0
662,CCCCCCC,1345,±1,1.34,,0.4,8.8,90.8,0.5,Ar,305,Species,CH,±5,431,15.3,Stanford,Horning_2001_thesis / Autoignition_ n_Alkane,2,5,,,,0,2,0,0,4,0,0,0,0,0,6,10,0
663,CCCCCCC,1432,±1,1.21,,0.4,8.8,90.8,0.5,Ar,110,Species,CH,±5,431,15.3,Stanford,Horning_2001_thesis / Autoignition_ n_Alkane,2,5,,,,0,2,0,0,4,0,0,0,0,0,6,10,0
664,CCCCCCC,1347,±1,1.22,,0.4,8.8,90.8,0.5,Ar,323,Species,CH,±5,431,15.3,Stanford,Horning_2001_thesis / Autoignition_ n_Alkane,2,5,,,,0,2,0,0,4,0,0,0,0,0,6,10,0
665,CCCCCCC,1455,±1,2.13,,0.4,4.4,95.2,1,Ar,165,Species,CH,±5,431,15.3,Stanford,Horning_2001_thesis / Autoignition_ n_Alkane,2,5,,,,0,2,0,0,4,0,0,0,0,0,6,10,0
666,CCCCCCC,1384,±1,2.12,,0.4,4.4,95.2,1,Ar,403,Species,CH,±5,431,15.3,Stanford,Horning_2001_thesis / Autoignition_ n_Alkane,2,5,,,,0,2,0,0,4,0,0,0,0,0,6,10,0
667,CCCCCCC,1434,±1,2.15,,0.4,4.4,95.2,1,Ar,205,Species,CH,±5,431,15.3,Stanford,Horning_2001_thesis / Autoignition_ n_Alkane,2,5,,,,0,2,0,0,4,0,0,0,0,0,6,10,0
668,CCCCCCC,1478,±1,2.08,,0.4,4.4,95.2,1,Ar,131,Species,CH,±5,431,15.3,Stanford,Horning_2001_thesis / Autoignition_ n_Alkane,2,5,,,,0,2,0,0,4,0,0,0,0,0,6,10,0
669,CCCCCCC,1503,±1,2.06,,0.4,4.4,95.2,1,Ar,100,Species,CH,±5,431,15.3,Stanford,Horning_2001_thesis / Autoignition_ n_Alkane,2,5,,,,0,2,0,0,4,0,0,0,0,0,6,10,0
670,CCCCCCC,1412,±1,2.14,,0.4,4.4,95.2,1,Ar,265,Species,CH,±5,431,15.3,Stanford,Horning_2001_thesis / Autoignition_ n_Alkane,2,5,,,,0,2,0,0,4,0,0,0,0,0,6,10,0
671,CCCCCCC,1476,±1,4.03,,0.4,4.4,95.2,1,Ar,90,Species,CH,±5,431,15.3,Stanford,Horning_2001_thesis / Autoignition_ n_Alkane,2,5,,,,0,2,0,0,4,0,0,0,0,0,6,10,0
672,CCCCCCC,1420,±1,4.07,,0.4,4.4,95.2,1,Ar,163,Species,CH,±5,431,15.3,Stanford,Horning_2001_thesis / Autoignition_ n_Alkane,2,5,,,,0,2,0,0,4,0,0,0,0,0,6,10,0
673,CCCCCCC,1394,±1,4.22,,0.4,4.4,95.2,1,Ar,227,Species,CH,±5,431,15.3,Stanford,Horning_2001_thesis / Autoignition_ n_Alkane,2,5,,,,0,2,0,0,4,0,0,0,0,0,6,10,0
674,CCCCCCC,1463,±1,4.11,,0.4,4.4,95.2,1,Ar,103,Species,CH,±5,431,15.3,Stanford,Horning_2001_thesis / Autoignition_ n_Alkane,2,5,,,,0,2,0,0,4,0,0,0,0,0,6,10,0
675,CCCCCCC,1413,±1,4.16,,0.4,4.4,95.2,1,Ar,183,Species,CH,±5,431,15.3,Stanford,Horning_2001_thesis / Autoignition_ n_Alkane,2,5,,,,0,2,0,0,4,0,0,0,0,0,6,10,0
676,CCCCCCC,1378,±1,1.15,,0.8,8.8,90.4,1,Ar,385,Species,CH,±5,431,15.3,Stanford,Horning_2001_thesis / Autoignition_ n_Alkane,2,5,,,,0,2,0,0,4,0,0,0,0,0,6,10,0
677,CCCCCCC,1426,±1,1.17,,0.8,8.8,90.4,1,Ar,208,Species,CH,±5,431,15.3,Stanford,Horning_2001_thesis / Autoignition_ n_Alkane,2,5,,,,0,2,0,0,4,0,0,0,0,0,6,10,0
678,CCCCCCC,1335,±1,1.3,,1.2,13.2,85.6,1,Ar,466,Species,CH,±5,431,15.3,Stanford,Horning_2001_thesis / Autoignition_ n_Alkane,2,5,,,,0,2,0,0,4,0,0,0,0,0,6,10,0
679,CCCCCCC,1455,±1,1.22,,1.2,13.2,85.6,1,Ar,115,Species,CH,±5,431,15.3,Stanford,Horning_2001_thesis / Autoignition_ n_Alkane,2,5,,,,0,2,0,0,4,0,0,0,0,0,6,10,0
680,CCCCCCC,1421,±1,1.19,,1.2,13.2,85.6,1,Ar,163,Species,CH,±5,431,15.3,Stanford,Horning_2001_thesis / Autoignition_ n_Alkane,2,5,,,,0,2,0,0,4,0,0,0,0,0,6,10,0
681,CCCCCCC,1349,±1,1.2,,1.2,13.2,85.6,1,Ar,411,Species,CH,±5,431,15.3,Stanford,Horning_2001_thesis / Autoignition_ n_Alkane,2,5,,,,0,2,0,0,4,0,0,0,0,0,6,10,0
682,CCCCCCC,1409,±1,1.27,,1.2,13.2,85.6,1,Ar,179,Species,CH,±5,431,15.3,Stanford,Horning_2001_thesis / Autoignition_ n_Alkane,2,5,,,,0,2,0,0,4,0,0,0,0,0,6,10,0
683,CCCCCCC,1465,±1,1.14,,1.2,8.8,90,1.5,Ar,189,Species,CH,±5,431,15.3,Stanford,Horning_2001_thesis / Autoignition_ n_Alkane,2,5,,,,0,2,0,0,4,0,0,0,0,0,6,10,0
684,CCCCCCC,1461,±1,1.23,,1.2,8.8,90,1.5,Ar,189,Species,CH,±5,431,15.3,Stanford,Horning_2001_thesis / Autoignition_ n_Alkane,2,5,,,,0,2,0,0,4,0,0,0,0,0,6,10,0
685,CCCCCCC,1409,±1,1.27,,1.2,8.8,90,1.5,Ar,321,Species,CH,±5,431,15.3,Stanford,Horning_2001_thesis / Autoignition_ n_Alkane,2,5,,,,0,2,0,0,4,0,0,0,0,0,6,10,0
686,CCCCCCC,1411,±1,1.29,,1.2,8.8,90,1.5,Ar,311,Species,CH,±5,431,15.3,Stanford,Horning_2001_thesis / Autoignition_ n_Alkane,2,5,,,,0,2,0,0,4,0,0,0,0,0,6,10,0
687,CCCCCCC,1386,±1,1.24,,1.75,19.7,78.55,1,Ar,177,Species,CH,±5,431,15.3,Stanford,Horning_2001_thesis / Autoignition_ n_Alkane,2,5,,,,0,2,0,0,4,0,0,0,0,0,6,10,0
688,CCCCCCC,1329,±1,1.19,,1.75,19.7,78.55,1,Ar,382,Species,CH,±5,431,15.3,Stanford,Horning_2001_thesis / Autoignition_ n_Alkane,2,5,,,,0,2,0,0,4,0,0,0,0,0,6,10,0
689,CCCCCCC,1330,±1,1.16,,1.75,19.7,78.55,1,Ar,382,Species,CH,±5,431,15.3,Stanford,Horning_2001_thesis / Autoignition_ n_Alkane,2,5,,,,0,2,0,0,4,0,0,0,0,0,6,10,0
690,CCCCCCC,1501,±1,2.08,,0.2,2.2,97.6,1,Ar,150,Species,CH,±5,431,15.3,Stanford,Horning_2001_thesis / Autoignition_ n_Alkane,2,5,,,,0,2,0,0,4,0,0,0,0,0,6,10,0
691,CCCCCCC,1468,±1,2.13,,0.2,2.2,97.6,1,Ar,216,Species,CH,±5,431,15.3,Stanford,Horning_2001_thesis / Autoignition_ n_Alkane,2,5,,,,0,2,0,0,4,0,0,0,0,0,6,10,0
692,CCCCCCC,1432,±1,2.15,,0.2,2.2,97.6,1,Ar,345,Species,CH,±5,431,15.3,Stanford,Horning_2001_thesis / Autoignition_ n_Alkane,2,5,,,,0,2,0,0,4,0,0,0,0,0,6,10,0
693,CCCCCCC,1547,±1,2.07,,0.2,2.2,97.6,1,Ar,100,Species,CH,±5,431,15.3,Stanford,Horning_2001_thesis / Autoignition_ n_Alkane,2,5,,,,0,2,0,0,4,0,0,0,0,0,6,10,0
694,CCCCCCC,1375,±1,5.68,,0.4,4.4,95.2,1,Ar,271,Species,CH,±5,431,15.3,Stanford,Horning_2001_thesis / Autoignition_ n_Alkane,2,5,,,,0,2,0,0,4,0,0,0,0,0,6,10,0
695,CCCCCCC,1431,±1,5.71,,0.4,4.4,95.2,1,Ar,120,Species,CH,±5,431,15.3,Stanford,Horning_2001_thesis / Autoignition_ n_Alkane,2,5,,,,0,2,0,0,4,0,0,0,0,0,6,10,0
696,CCCCCCC,1400,±1,5.63,,0.4,4.4,95.2,1,Ar,190,Species,CH,±5,431,15.3,Stanford,Horning_2001_thesis / Autoignition_ n_Alkane,2,5,,,,0,2,0,0,4,0,0,0,0,0,6,10,0
697,CCCCCCC,1421,±1,5.69,,0.4,4.4,95.2,1,Ar,138,Species,CH,±5,431,15.3,Stanford,Horning_2001_thesis / Autoignition_ n_Alkane,2,5,,,,0,2,0,0,4,0,0,0,0,0,6,10,0
698,CCCCCCC,1372,±1,5.57,,0.4,4.4,95.2,1,Ar,279,Species,CH,±5,431,15.3,Stanford,Horning_2001_thesis / Autoignition_ n_Alkane,2,5,,,,0,2,0,0,4,0,0,0,0,0,6,10,0
699,CCCCCCC,1442,±1,5.65,,0.4,4.4,95.2,1,Ar,117,Species,CH,±5,431,15.3,Stanford,Horning_2001_thesis / Autoignition_ n_Alkane,2,5,,,,0,2,0,0,4,0,0,0,0,0,6,10,0
700,CCCCCCC,1419,±1,5.41,,0.4,4.4,95.2,1,Ar,158,Species,CH,±5,431,15.3,Stanford,Horning_2001_thesis / Autoignition_ n_Alkane,2,5,,,,0,2,0,0,4,0,0,0,0,0,6,10,0
701,CCCCCCC,1423,±1,1.2,,1.2,6.6,92.2,2,Ar,486,Species,CH,±5,431,15.3,Stanford,Horning_2001_thesis / Autoignition_ n_Alkane,2,5,,,,0,2,0,0,4,0,0,0,0,0,6,10,0
702,CCCCCCC,1516,±1,1.21,,1.2,6.6,92.2,2,Ar,205,Species,CH,±5,431,15.3,Stanford,Horning_2001_thesis / Autoignition_ n_Alkane,2,5,,,,0,2,0,0,4,0,0,0,0,0,6,10,0
703,CCCCCCC,1456,±1,1.2,,1.2,6.6,92.2,2,Ar,361,Species,CH,±5,431,15.3,Stanford,Horning_2001_thesis / Autoignition_ n_Alkane,2,5,,,,0,2,0,0,4,0,0,0,0,0,6,10,0
704,CCCCCCC,1551,,2.14,,0.03,0.33,99.64,1,Ar,207,Species,OH,±5,306.7,8.9,Stanford,n_Alkane_Oxidation,2,5,,,,0,2,0,0,4,0,0,0,0,0,6,10,0
705,CCCCCCC,1640,,2.04,,0.03,0.33,99.64,1,Ar,99,Species,OH,±5,306.7,8.9,Stanford,n_Alkane_Oxidation,2,5,,,,0,2,0,0,4,0,0,0,0,0,6,10,0
706,CCCCCCC,1784,,2.12,,0.03,0.33,99.64,1,Ar,47,Species,OH,±5,306.7,8.9,Stanford,n_Alkane_Oxidation,2,5,,,,0,2,0,0,4,0,0,0,0,0,6,10,0
707,CCCCCCC,1540,,3.67,,0.03,0.33,99.64,1,Ar,181,Species,OH,±5,306.7,8.9,Stanford,n_Alkane_Oxidation,2,5,,,,0,2,0,0,4,0,0,0,0,0,6,10,0
708,CCCCCCC,1649,,3.8,,0.03,0.33,99.64,1,Ar,73,Species,OH,±5,306.7,8.9,Stanford,n_Alkane_Oxidation,2,5,,,,0,2,0,0,4,0,0,0,0,0,6,10,0
709,CCCCCCC,1710,,3.75,,0.03,0.33,99.64,1,Ar,49,Species,OH,±5,306.7,8.9,Stanford,n_Alkane_Oxidation,2,5,,,,0,2,0,0,4,0,0,0,0,0,6,10,0
710,CCCCCCC,1249,±1.8,1.97,,1.874,20.6,77.526,1,N2,298,Species,OH,,306.7,5,Stanford,blend_surrogate_fuels,2,5,,,,0,2,0,0,4,0,0,0,0,0,6,10,0
711,CCCCCCC,1299,±1.8,1.89,,1.874,20.6,77.526,1,N2,311,Species,OH,,306.7,5,Stanford,blend_surrogate_fuels,2,5,,,,0,2,0,0,4,0,0,0,0,0,6,10,0
712,CCCCCCC,1358,±1.8,1.85,,1.874,20.6,77.526,1,N2,152,Species,OH,,306.7,5,Stanford,blend_surrogate_fuels,2,5,,,,0,2,0,0,4,0,0,0,0,0,6,10,0
713,CCCCCCC,1378,±1.8,1.99,,1.874,20.6,77.526,1,N2,117,Species,OH,,306.7,5,Stanford,blend_surrogate_fuels,2,5,,,,0,2,0,0,4,0,0,0,0,0,6,10,0
714,CCCCCCC,1305,±1.8,10.62,,1.874,20.6,77.526,1,N2,117,Species,OH,,306.7,5,Stanford,blend_surrogate_fuels,2,5,,,,0,2,0,0,4,0,0,0,0,0,6,10,0
715,CCCCCCC,1236,±1.8,11.24,,1.874,20.6,77.526,1,N2,207,Species,OH,,306.7,5,Stanford,blend_surrogate_fuels,2,5,,,,0,2,0,0,4,0,0,0,0,0,6,10,0
716,CCCCCCC,1299,±1.8,10.25,,1.874,20.6,77.526,1,N2,122,Species,OH,,306.7,5,Stanford,blend_surrogate_fuels,2,5,,,,0,2,0,0,4,0,0,0,0,0,6,10,0
717,CCCCCCC,1344,±1.8,10.27,,1.874,20.6,77.526,1,N2,85,Species,OH,,306.7,5,Stanford,blend_surrogate_fuels,2,5,,,,0,2,0,0,4,0,0,0,0,0,6,10,0
718,CCCCCCC,1290,±1.8,11.8,,1.874,20.6,77.526,1,N2,118,Species,OH,,306.7,5,Stanford,blend_surrogate_fuels,2,5,,,,0,2,0,0,4,0,0,0,0,0,6,10,0
719,CCCCCCC,806,±1.8,20,,1.874,20.6,77.526,1,N2,1377,Species,OH,,306.7,5,Stanford,blend_surrogate_fuels,2,5,,,,0,2,0,0,4,0,0,0,0,0,6,10,0
720,CCCCCCC,850,±1.8,19.92,,1.874,20.6,77.526,1,N2,1653,Species,OH,,306.7,5,Stanford,blend_surrogate_fuels,2,5,,,,0,2,0,0,4,0,0,0,0,0,6,10,0
721,CCCCCCC,906,±1.8,19.87,,1.874,20.6,77.526,1,N2,1836,Species,OH,,306.7,5,Stanford,blend_surrogate_fuels,2,5,,,,0,2,0,0,4,0,0,0,0,0,6,10,0
722,CCCCCCC,1012,±1.8,18.13,,1.874,20.6,77.526,1,N2,944,Species,OH,,306.7,5,Stanford,blend_surrogate_fuels,2,5,,,,0,2,0,0,4,0,0,0,0,0,6,10,0
723,CCCCCCC,1048,±1.8,16.72,,1.874,20.6,77.526,1,N2,854,Species,OH,,306.7,5,Stanford,blend_surrogate_fuels,2,5,,,,0,2,0,0,4,0,0,0,0,0,6,10,0
724,CCCCCCC,909,±1.8,53.9,,1.874,20.6,77.526,1,N2,254,Species,OH,,306.7,5,Stanford,blend_surrogate_fuels,2,5,,,,0,2,0,0,4,0,0,0,0,0,6,10,0
725,CCCCCCC,923,±1.8,60,,1.874,20.6,77.526,1,N2,244,Species,OH,,306.7,5,Stanford,blend_surrogate_fuels,2,5,,,,0,2,0,0,4,0,0,0,0,0,6,10,0
726,CCCCCCC,926,±1.8,60.6,,1.874,20.6,77.526,1,N2,233,Species,OH,,306.7,5,Stanford,blend_surrogate_fuels,2,5,,,,0,2,0,0,4,0,0,0,0,0,6,10,0
727,CCCCCCC,932,±1.8,55.4,,1.874,20.6,77.526,1,N2,323,Species,OH,,306.7,5,Stanford,blend_surrogate_fuels,2,5,,,,0,2,0,0,4,0,0,0,0,0,6,10,0
728,CCCCCCC,985,±1.8,48.6,,1.874,20.6,77.526,1,N2,364,Species,OH,,306.7,5,Stanford,blend_surrogate_fuels,2,5,,,,0,2,0,0,4,0,0,0,0,0,6,10,0
729,CCCCCCC,1007,±1.8,57.7,,1.874,20.6,77.526,1,N2,232,Species,OH,,306.7,5,Stanford,blend_surrogate_fuels,2,5,,,,0,2,0,0,4,0,0,0,0,0,6,10,0
730,CCCCCCC,1013,±1.8,53.6,,1.874,20.6,77.526,1,N2,292,Species,OH,,306.7,5,Stanford,blend_surrogate_fuels,2,5,,,,0,2,0,0,4,0,0,0,0,0,6,10,0
731,CCCCCCC,1023,±1.8,54.2,,1.874,20.6,77.526,1,N2,261,Species,OH,,306.7,5,Stanford,blend_surrogate_fuels,2,5,,,,0,2,0,0,4,0,0,0,0,0,6,10,0
732,CCCCCCC,1027,±1.8,59.1,,1.874,20.6,77.526,1,N2,237,Species,OH,,306.7,5,Stanford,blend_surrogate_fuels,2,5,,,,0,2,0,0,4,0,0,0,0,0,6,10,0
733,CCCCCCC,1057,±1.8,50,,1.874,20.6,77.526,1,N2,194,Species,OH,,306.7,5,Stanford,blend_surrogate_fuels,2,5,,,,0,2,0,0,4,0,0,0,0,0,6,10,0
734,CCCCCCC,1063,±1.8,53.1,,1.874,20.6,77.526,1,N2,179,Species,OH,,306.7,5,Stanford,blend_surrogate_fuels,2,5,,,,0,2,0,0,4,0,0,0,0,0,6,10,0
735,CCCCCCC,1115,±1.8,52.3,,1.874,20.6,77.526,1,N2,102,Species,OH,,306.7,5,Stanford,blend_surrogate_fuels,2,5,,,,0,2,0,0,4,0,0,0,0,0,6,10,0
736,CCCCCCC,1395,±1,1.72,,0.05,0.55,99.4,1,Ar,878,Species,CH3,,216,15.3,Stanford,iso_octane_heptane,2,5,,,,0,2,0,0,4,0,0,0,0,0,6,10,0
737,CCCCCCC,1461,±1,1.67,,0.05,0.55,99.4,1,Ar,366,Species,CH3,,216,15.3,Stanford,iso_octane_heptane,2,5,,,,0,2,0,0,4,0,0,0,0,0,6,10,0
738,CCCCCCC,1546,±1,1.61,,0.05,0.55,99.4,1,Ar,162,Species,CH3,,216,15.3,Stanford,iso_octane_heptane,2,5,,,,0,2,0,0,4,0,0,0,0,0,6,10,0
739,CCCCCCC,1229,±1,15.13,,0.1,2.2,97.7,0.5,Ar,708,Species,OH,,306.7,7.5,Stanford,n_heptane_methylcyclohexane,2,5,,,,0,2,0,0,4,0,0,0,0,0,6,10,0
740,CCCCCCC,1230,±1,15.81,,0.1,2.2,97.7,0.5,Ar,698,Species,OH,,306.7,7.5,Stanford,n_heptane_methylcyclohexane,2,5,,,,0,2,0,0,4,0,0,0,0,0,6,10,0
741,CCCCCCC,1236,±1,15.28,,0.1,2.2,97.7,0.5,Ar,652,Species,OH,,306.7,7.5,Stanford,n_heptane_methylcyclohexane,2,5,,,,0,2,0,0,4,0,0,0,0,0,6,10,0
742,CCCCCCC,1271,±1,15,,0.1,2.2,97.7,0.5,Ar,377,Species,OH,,306.7,7.5,Stanford,n_heptane_methylcyclohexane,2,5,,,,0,2,0,0,4,0,0,0,0,0,6,10,0
743,CCCCCCC,1358,±1,2.436,±1,0.03,0.33,99.64,1,Ar,1280,Species,OH,,306.7,15.3,Stanford,n_heptane_oxidation,2,5,,,,0,2,0,0,4,0,0,0,0,0,6,10,0
744,CCCCCCC,1368,±1,2.86,±1,0.03,0.33,99.64,1,Ar,1810,Species,OH,,306.7,15.3,Stanford,n_heptane_oxidation,2,5,,,,0,2,0,0,4,0,0,0,0,0,6,10,0
745,CCCCCCC,1375,±1,2.282,±1,0.03,0.33,99.64,1,Ar,1661,Species,OH,,306.7,15.3,Stanford,n_heptane_oxidation,2,5,,,,0,2,0,0,4,0,0,0,0,0,6,10,0
746,CCCCCCC,1378,±1,2.326,±1,0.03,0.33,99.64,1,Ar,1330,Species,OH,,306.7,15.3,Stanford,n_heptane_oxidation,2,5,,,,0,2,0,0,4,0,0,0,0,0,6,10,0
747,CCCCCCC,1494,±1,2.155,±1,0.03,0.33,99.64,1,Ar,1330,Species,OH,,306.7,15.3,Stanford,n_heptane_oxidation,2,5,,,,0,2,0,0,4,0,0,0,0,0,6,10,0
748,CCCCCCC,1494,±1,2.155,±1,0.03,0.33,99.64,1,Ar,308,Species,OH,,306.7,15.3,Stanford,n_heptane_oxidation,2,5,,,,0,2,0,0,4,0,0,0,0,0,6,10,0
749,CCCCCCC,1502,±1,2.262,±1,0.03,0.33,99.64,1,Ar,280,Species,OH,,306.7,15.3,Stanford,n_heptane_oxidation,2,5,,,,0,2,0,0,4,0,0,0,0,0,6,10,0
750,CCCCCCC,1506,±1,2.36,±1,0.03,0.33,99.64,1,Ar,189,Species,OH,,306.7,15.3,Stanford,n_heptane_oxidation,2,5,,,,0,2,0,0,4,0,0,0,0,0,6,10,0
