Unnamed: 0,Fuel,T(K),T_Error(%),P(atm),P_Error(%),Fuel(%),Oxidizer(%),Diluant(%),Equv(phi),Diluant Type,Time(μs),Mode_of_measurement,Species_name,Species_measurement_Error,Measured_wavelength(nm),Shocktube_dia(cm),Research_group,Data_Source,Primary_C,Secondary_C,Tertiary_C,Quaternary_C,Other_Atom,P_P,P_S,P_T,P_Q,S_S,S_T,S_Q,T_T,T_Q,Q_Q,P_H,S_H,T_H
0,CCCCCCCCCCCC,1430,,2.33,,0.0445,0.75,99.2055,1.0,N2,349,Speceis,CH,,430.0,15.3,Stanford,n_Dodecane_Nano,2.0,10.0,,,,0.0,2.0,0.0,0.0,9.0,0.0,0.0,0.0,0.0,0.0,6.0,20.0,0.0
2,CCCCCCCCCCCC,1118,±1,6.18,±9.3,0.5678,21.0,78.4322,0.5,Ar,1081,Speceis,CH,,430.0,15.3,Stanford,aerosol_shock_tube / aerosol_shock_tube_low pressure / Second_generation_confo / Second_Generation_shock_tube ,2.0,10.0,,,,0.0,2.0,0.0,0.0,9.0,0.0,0.0,0.0,0.0,0.0,6.0,20.0,0.0
4,CCCCCCCCCCCC,1191,±1,6.4,±9.3,0.589,21.0,78.411,0.52,Ar,550,Speceis,CH,,430.0,15.3,Stanford,aerosol_shock_tube / aerosol_shock_tube_low pressure / Second_generation_confo / Second_Generation_shock_tube ,2.0,10.0,,,,0.0,2.0,0.0,0.0,9.0,0.0,0.0,0.0,0.0,0.0,6.0,20.0,0.0
5,CCCCCCCCCCCC,942,±1,21.0,,1.123,20.77,78.107,1.0,N2,1116,Species,OH,±5,306.0,5.0,Stanford,n_Dodecane / Vasu_2010_thesis,2.0,10.0,,,,0.0,2.0,0.0,0.0,9.0,0.0,0.0,0.0,0.0,0.0,6.0,20.0,0.0
6,CCCCCCCCCCCC,1156,±1,5.34,±9.3,0.0558,21.0,78.9442,0.05,Ar,1526,Speceis,CH,,430.0,15.3,Stanford,aerosol_shock_tube / aerosol_shock_tube_low pressure / Second_generation_confo / Second_Generation_shock_tube ,2.0,10.0,,,,0.0,2.0,0.0,0.0,9.0,0.0,0.0,0.0,0.0,0.0,6.0,20.0,0.0
7,CCCCCCCCCCCC,943,±1,18.1,,0.565,20.89,78.545,0.5,N2,2276,Species,OH,±5,306.0,5.0,Stanford,n_Dodecane / Vasu_2010_thesis,2.0,10.0,,,,0.0,2.0,0.0,0.0,9.0,0.0,0.0,0.0,0.0,0.0,6.0,20.0,0.0
10,CCCCCCCCCCCC,943,±1,5.21,±9.3,1.28,21.0,77.72,1.13,Ar,3804,Speceis,CH,,430.0,15.3,Stanford,aerosol_shock_tube / aerosol_shock_tube_low pressure / Second_generation_confo / Second_Generation_shock_tube ,2.0,10.0,,,,0.0,2.0,0.0,0.0,9.0,0.0,0.0,0.0,0.0,0.0,6.0,20.0,0.0
11,CCCCCCCCCCCC,1241,±1,4.79,±9.3,0.3488,21.0,78.6512,0.31,Ar,337,Speceis,CH,,430.0,15.3,Stanford,aerosol_shock_tube / aerosol_shock_tube_low pressure / Second_generation_confo / Second_Generation_shock_tube ,2.0,10.0,,,,0.0,2.0,0.0,0.0,9.0,0.0,0.0,0.0,0.0,0.0,6.0,20.0,0.0
12,CCCCCCCCCCCC,976,±1,20.5,,1.123,20.77,78.107,1.0,N2,800,Species,OH,±5,306.0,5.0,Stanford,n_Dodecane / Vasu_2010_thesis,2.0,10.0,,,,0.0,2.0,0.0,0.0,9.0,0.0,0.0,0.0,0.0,0.0,6.0,20.0,0.0
16,CCCCCCCCCCCC,1496,,2.22,,0.048,0.75,99.20200000000001,1.0,N2,242,Speceis,CH,,430.0,15.3,Stanford,n_Dodecane_Nano,2.0,10.0,,,,0.0,2.0,0.0,0.0,9.0,0.0,0.0,0.0,0.0,0.0,6.0,20.0,0.0
18,CCCCCCCCCCCC,1418,,2.35,,0.047,0.75,99.20299999999999,1.0,N2,614,Speceis,CH,,430.0,15.3,Stanford,n_Dodecane_Nano,2.0,10.0,,,,0.0,2.0,0.0,0.0,9.0,0.0,0.0,0.0,0.0,0.0,6.0,20.0,0.0
19,CCCCCCCCCCCC,958,±1,6.57,±9.3,1.169,21.0,77.831,1.03,Ar,2041,Speceis,CH,,430.0,15.3,Stanford,aerosol_shock_tube / aerosol_shock_tube_low pressure / Second_generation_confo / Second_Generation_shock_tube ,2.0,10.0,,,,0.0,2.0,0.0,0.0,9.0,0.0,0.0,0.0,0.0,0.0,6.0,20.0,0.0
21,CCCCCCCCCCCC,1221,±1,15.45,,0.075,2.786,97.139,0.5,N2,685,Species,OH,±5,306.0,5.0,Stanford,n_Dodecane / Vasu_2010_thesis,2.0,10.0,,,,0.0,2.0,0.0,0.0,9.0,0.0,0.0,0.0,0.0,0.0,6.0,20.0,0.0
22,CCCCCCCCCCCC,1192,±1,4.57,±9.3,0.875,21.0,78.125,0.77,Ar,246,Speceis,CH,,430.0,15.3,Stanford,aerosol_shock_tube / aerosol_shock_tube_low pressure / Second_generation_confo / Second_Generation_shock_tube ,2.0,10.0,,,,0.0,2.0,0.0,0.0,9.0,0.0,0.0,0.0,0.0,0.0,6.0,20.0,0.0
23,CCCCCCCCCCCC,1172,±1,6.19,±9.3,0.5336,21.0,78.4664,0.47,Ar,524,Speceis,CH,,430.0,15.3,Stanford,aerosol_shock_tube / aerosol_shock_tube_low pressure / Second_generation_confo / Second_Generation_shock_tube ,2.0,10.0,,,,0.0,2.0,0.0,0.0,9.0,0.0,0.0,0.0,0.0,0.0,6.0,20.0,0.0
24,CCCCCCCCCCCC,1141,,6.7,,0.57,21.0,78.43,0.5,N2,680,Speceis,CH,,430.0,15.3,Stanford,n_Dodecane_Nano,2.0,10.0,,,,0.0,2.0,0.0,0.0,9.0,0.0,0.0,0.0,0.0,0.0,6.0,20.0,0.0
26,CCCCCCCCCCCC,873,±1,23.1,,0.565,20.89,78.545,0.5,N2,1918,Species,OH,±5,306.0,5.0,Stanford,n_Dodecane / Vasu_2010_thesis,2.0,10.0,,,,0.0,2.0,0.0,0.0,9.0,0.0,0.0,0.0,0.0,0.0,6.0,20.0,0.0
28,CCCCCCCCCCCC,1192,±1,5.06,±9.3,0.3437,21.0,78.6563,0.3,Ar,1110,Speceis,CH,,430.0,15.3,Stanford,aerosol_shock_tube / aerosol_shock_tube_low pressure / Second_generation_confo / Second_Generation_shock_tube ,2.0,10.0,,,,0.0,2.0,0.0,0.0,9.0,0.0,0.0,0.0,0.0,0.0,6.0,20.0,0.0
31,CCCCCCCCCCCC,1109,±1,23.0,,1.123,20.77,78.107,1.0,N2,278,Species,OH,±5,306.0,5.0,Stanford,n_Dodecane / Vasu_2010_thesis,2.0,10.0,,,,0.0,2.0,0.0,0.0,9.0,0.0,0.0,0.0,0.0,0.0,6.0,20.0,0.0
34,CCCCCCCCCCCC,991,±1,21.8,,1.123,20.77,78.107,1.0,N2,645,Species,OH,±5,306.0,5.0,Stanford,n_Dodecane / Vasu_2010_thesis,2.0,10.0,,,,0.0,2.0,0.0,0.0,9.0,0.0,0.0,0.0,0.0,0.0,6.0,20.0,0.0
35,CCCCCCCCCCCC,1209,±1,4.64,±9.3,0.18600000000000005,21.0,78.814,0.16,Ar,926,Speceis,CH,,430.0,15.3,Stanford,aerosol_shock_tube / aerosol_shock_tube_low pressure / Second_generation_confo / Second_Generation_shock_tube ,2.0,10.0,,,,0.0,2.0,0.0,0.0,9.0,0.0,0.0,0.0,0.0,0.0,6.0,20.0,0.0
36,CCCCCCCCCCCC,1039,±1,21.0,,0.565,20.89,78.545,0.5,N2,826,Species,OH,±5,306.0,5.0,Stanford,n_Dodecane / Vasu_2010_thesis,2.0,10.0,,,,0.0,2.0,0.0,0.0,9.0,0.0,0.0,0.0,0.0,0.0,6.0,20.0,0.0
37,CCCCCCCCCCCC,1107,±1,6.25,±9.3,0.5533,21.0,78.4467,0.49,Ar,1200,Speceis,CH,,430.0,15.3,Stanford,aerosol_shock_tube / aerosol_shock_tube_low pressure / Second_generation_confo / Second_Generation_shock_tube ,2.0,10.0,,,,0.0,2.0,0.0,0.0,9.0,0.0,0.0,0.0,0.0,0.0,6.0,20.0,0.0
38,CCCCCCCCCCCC,987,±1,22.0,,1.123,20.77,78.107,1.0,N2,699,Species,OH,±5,306.0,5.0,Stanford,n_Dodecane / Vasu_2010_thesis,2.0,10.0,,,,0.0,2.0,0.0,0.0,9.0,0.0,0.0,0.0,0.0,0.0,6.0,20.0,0.0
39,CCCCCCCCCCCC,1135,±1,20.6,,1.123,20.77,78.107,1.0,N2,178,Species,OH,±5,306.0,5.0,Stanford,n_Dodecane / Vasu_2010_thesis,2.0,10.0,,,,0.0,2.0,0.0,0.0,9.0,0.0,0.0,0.0,0.0,0.0,6.0,20.0,0.0
40,CCCCCCCCCCCC,1230,±1,16.73,,0.1,3.596,96.304,0.5,N2,429,Species,OH,±5,306.0,5.0,Stanford,n_Dodecane / Vasu_2010_thesis,2.0,10.0,,,,0.0,2.0,0.0,0.0,9.0,0.0,0.0,0.0,0.0,0.0,6.0,20.0,0.0
41,CCCCCCCCCCCC,1114,±1,8.5,±9.3,0.6885,21.0,78.3115,0.61,N2,640,Speceis,CH,,430.0,15.3,Stanford,aerosol_shock_tube / aerosol_shock_tube_low pressure / Second_generation_confo / Second_Generation_shock_tube ,2.0,10.0,,,,0.0,2.0,0.0,0.0,9.0,0.0,0.0,0.0,0.0,0.0,6.0,20.0,0.0
42,CCCCCCCCCCCC,1381,,2.32,,0.0485,0.75,99.2015,1.0,N2,1020,Speceis,CH,,430.0,15.3,Stanford,n_Dodecane_Nano,2.0,10.0,,,,0.0,2.0,0.0,0.0,9.0,0.0,0.0,0.0,0.0,0.0,6.0,20.0,0.0
43,CCCCCCCCCCCC,1196,±1,15.77,,0.1,3.596,96.304,0.5,N2,701,Species,OH,±5,306.0,5.0,Stanford,n_Dodecane / Vasu_2010_thesis,2.0,10.0,,,,0.0,2.0,0.0,0.0,9.0,0.0,0.0,0.0,0.0,0.0,6.0,20.0,0.0
44,CCCCCCCCCCCC,1224,,6.7,,0.57,21.0,78.43,0.5,N2,253,Speceis,CH,,430.0,15.3,Stanford,n_Dodecane_Nano,2.0,10.0,,,,0.0,2.0,0.0,0.0,9.0,0.0,0.0,0.0,0.0,0.0,6.0,20.0,0.0
46,CCCCCCCCCCCC,1415,,2.47,,0.0456,0.7657,99.1887,1.0,N2,790,Speceis,CH,,430.0,15.3,Stanford,n_Dodecane_Nano,2.0,10.0,,,,0.0,2.0,0.0,0.0,9.0,0.0,0.0,0.0,0.0,0.0,6.0,20.0,0.0
47,CCCCCCCCCCCC,1173,,6.7,,0.57,21.0,78.43,0.5,N2,475,Speceis,CH,,430.0,15.3,Stanford,n_Dodecane_Nano,2.0,10.0,,,,0.0,2.0,0.0,0.0,9.0,0.0,0.0,0.0,0.0,0.0,6.0,20.0,0.0
48,CCCCCCCCCCCC,1003,±1,4.68,±9.3,0.742,21.0,78.258,0.65,Ar,4081,Speceis,CH,,430.0,15.3,Stanford,aerosol_shock_tube / aerosol_shock_tube_low pressure / Second_generation_confo / Second_Generation_shock_tube ,2.0,10.0,,,,0.0,2.0,0.0,0.0,9.0,0.0,0.0,0.0,0.0,0.0,6.0,20.0,0.0
50,CCCCCCCCCCCC,1050,±1,7.88,±9.3,0.9365,21.0,78.0635,0.82,N2,1034,Speceis,CH,,430.0,15.3,Stanford,aerosol_shock_tube / aerosol_shock_tube_low pressure / Second_generation_confo / Second_Generation_shock_tube ,2.0,10.0,,,,0.0,2.0,0.0,0.0,9.0,0.0,0.0,0.0,0.0,0.0,6.0,20.0,0.0
51,CCCCCCCCCCCC,1053,±1,6.56,±9.3,0.5649,21.0,78.4351,0.5,Ar,2105,Speceis,CH,,430.0,15.3,Stanford,aerosol_shock_tube / aerosol_shock_tube_low pressure / Second_generation_confo / Second_Generation_shock_tube ,2.0,10.0,,,,0.0,2.0,0.0,0.0,9.0,0.0,0.0,0.0,0.0,0.0,6.0,20.0,0.0
52,CCCCCCCCCCCC,1124,±1,8.24,±9.3,0.6972,21.0,78.3028,0.61,Ar,702,Speceis,CH,,430.0,15.3,Stanford,aerosol_shock_tube / aerosol_shock_tube_low pressure / Second_generation_confo / Second_Generation_shock_tube ,2.0,10.0,,,,0.0,2.0,0.0,0.0,9.0,0.0,0.0,0.0,0.0,0.0,6.0,20.0,0.0
53,CCCCCCCCCCCC,957,±1,19.8,,1.123,20.77,78.107,1.0,N2,1064,Species,OH,±5,306.0,5.0,Stanford,n_Dodecane / Vasu_2010_thesis,2.0,10.0,,,,0.0,2.0,0.0,0.0,9.0,0.0,0.0,0.0,0.0,0.0,6.0,20.0,0.0
54,CCCCCCCCCCCC,1351,±1,4.51,±9.3,0.2064,21.0,78.7936,0.18,Ar,233,Speceis,CH,,430.0,15.3,Stanford,aerosol_shock_tube / aerosol_shock_tube_low pressure / Second_generation_confo / Second_Generation_shock_tube ,2.0,10.0,,,,0.0,2.0,0.0,0.0,9.0,0.0,0.0,0.0,0.0,0.0,6.0,20.0,0.0
55,CCCCCCCCCCCC,1125,±1,18.7,,1.123,20.77,78.107,1.0,N2,188,Species,OH,±5,306.0,5.0,Stanford,n_Dodecane / Vasu_2010_thesis,2.0,10.0,,,,0.0,2.0,0.0,0.0,9.0,0.0,0.0,0.0,0.0,0.0,6.0,20.0,0.0
57,CCCCCCCCCCCC,1118,±1,33.7,,1.123,20.77,78.107,1.0,N2,183,Species,OH,±5,306.0,5.0,Stanford,n_Dodecane / Vasu_2010_thesis,2.0,10.0,,,,0.0,2.0,0.0,0.0,9.0,0.0,0.0,0.0,0.0,0.0,6.0,20.0,0.0
60,CCCCCCCCCCCC,1054,±1,20.1,,0.565,20.89,78.545,0.5,N2,788,Species,OH,±5,306.0,5.0,Stanford,n_Dodecane / Vasu_2010_thesis,2.0,10.0,,,,0.0,2.0,0.0,0.0,9.0,0.0,0.0,0.0,0.0,0.0,6.0,20.0,0.0
61,CCCCCCCCCCCC,1172,±1,5.33,±9.3,0.7078,21.0,78.2922,0.62,Ar,663,Speceis,CH,,430.0,15.3,Stanford,aerosol_shock_tube / aerosol_shock_tube_low pressure / Second_generation_confo / Second_Generation_shock_tube ,2.0,10.0,,,,0.0,2.0,0.0,0.0,9.0,0.0,0.0,0.0,0.0,0.0,6.0,20.0,0.0
62,CCCCCCCCCCCC,1025,±1,6.06,±9.3,1.659,21.0,77.34100000000002,1.46,Ar,543,Speceis,CH,,430.0,15.3,Stanford,aerosol_shock_tube / aerosol_shock_tube_low pressure / Second_generation_confo / Second_Generation_shock_tube ,2.0,10.0,,,,0.0,2.0,0.0,0.0,9.0,0.0,0.0,0.0,0.0,0.0,6.0,20.0,0.0
63,CCCCCCCCCCCC,910,±1,22.7,,0.565,20.89,78.545,0.5,N2,2134,Species,OH,±5,306.0,5.0,Stanford,n_Dodecane / Vasu_2010_thesis,2.0,10.0,,,,0.0,2.0,0.0,0.0,9.0,0.0,0.0,0.0,0.0,0.0,6.0,20.0,0.0
64,CCCCCCCCCCCC,1163,±1,21.2,,0.565,20.89,78.545,0.5,N2,213,Species,OH,±5,306.0,5.0,Stanford,n_Dodecane / Vasu_2010_thesis,2.0,10.0,,,,0.0,2.0,0.0,0.0,9.0,0.0,0.0,0.0,0.0,0.0,6.0,20.0,0.0
65,CCCCCCCCCCCC,1146,±1,4.01,±9.3,0.5656,21.0,78.4344,0.5,Ar,1027,Speceis,CH,,430.0,15.3,Stanford,aerosol_shock_tube / aerosol_shock_tube_low pressure / Second_generation_confo / Second_Generation_shock_tube ,2.0,10.0,,,,0.0,2.0,0.0,0.0,9.0,0.0,0.0,0.0,0.0,0.0,6.0,20.0,0.0
66,CCCCCCCCCCCC,1427,,2.07,,0.051,0.7572,99.1918,1.0,N2,655,Speceis,CH,,430.0,15.3,Stanford,n_Dodecane_Nano,2.0,10.0,,,,0.0,2.0,0.0,0.0,9.0,0.0,0.0,0.0,0.0,0.0,6.0,20.0,0.0
68,CCCCCCCCCCCC,1147,±1,4.97,±9.3,1.276,21.0,77.72399999999998,1.12,Ar,357,Speceis,CH,,430.0,15.3,Stanford,aerosol_shock_tube / aerosol_shock_tube_low pressure / Second_generation_confo / Second_Generation_shock_tube ,2.0,10.0,,,,0.0,2.0,0.0,0.0,9.0,0.0,0.0,0.0,0.0,0.0,6.0,20.0,0.0
69,CCCCCCCCCCCC,1084,±1,8.02,±9.3,0.7871,21.0,78.2129,0.69,N2,738,Speceis,CH,,430.0,15.3,Stanford,aerosol_shock_tube / aerosol_shock_tube_low pressure / Second_generation_confo / Second_Generation_shock_tube ,2.0,10.0,,,,0.0,2.0,0.0,0.0,9.0,0.0,0.0,0.0,0.0,0.0,6.0,20.0,0.0
70,CCCCCCCCCCCC,1011,±1,6.57,±9.3,1.179,21.0,77.821,1.04,Ar,1100,Speceis,CH,,430.0,15.3,Stanford,aerosol_shock_tube / aerosol_shock_tube_low pressure / Second_generation_confo / Second_Generation_shock_tube ,2.0,10.0,,,,0.0,2.0,0.0,0.0,9.0,0.0,0.0,0.0,0.0,0.0,6.0,20.0,0.0
71,CCCCCCCCCCCC,1186,±1,15.38,,0.1,3.596,96.304,0.5,N2,822,Species,OH,±5,306.0,5.0,Stanford,n_Dodecane / Vasu_2010_thesis,2.0,10.0,,,,0.0,2.0,0.0,0.0,9.0,0.0,0.0,0.0,0.0,0.0,6.0,20.0,0.0
72,CCCCCCCCCCCC,1319,±1,5.78,±9.3,0.4595,21.0,78.5405,0.4,Ar,181,Speceis,CH,,430.0,15.3,Stanford,aerosol_shock_tube / aerosol_shock_tube_low pressure / Second_generation_confo / Second_Generation_shock_tube ,2.0,10.0,,,,0.0,2.0,0.0,0.0,9.0,0.0,0.0,0.0,0.0,0.0,6.0,20.0,0.0
73,CCCCCCCCCCCC,1117,±1,8.09,±9.3,0.7901,21.0,78.2099,0.7,Ar,412,Speceis,CH,,430.0,15.3,Stanford,aerosol_shock_tube / aerosol_shock_tube_low pressure / Second_generation_confo / Second_Generation_shock_tube ,2.0,10.0,,,,0.0,2.0,0.0,0.0,9.0,0.0,0.0,0.0,0.0,0.0,6.0,20.0,0.0
74,CCCCCCCCCCCC,1086,±1,6.32,±9.3,0.5655,21.0,78.4345,0.5,Ar,1422,Speceis,CH,,430.0,15.3,Stanford,aerosol_shock_tube / aerosol_shock_tube_low pressure / Second_generation_confo / Second_Generation_shock_tube ,2.0,10.0,,,,0.0,2.0,0.0,0.0,9.0,0.0,0.0,0.0,0.0,0.0,6.0,20.0,0.0
75,CCCCCCCCCCCC,1140,±1,6.07,±9.3,0.5760000000000001,21.0,78.42399999999998,0.51,Ar,820,Speceis,CH,,430.0,15.3,Stanford,aerosol_shock_tube / aerosol_shock_tube_low pressure / Second_generation_confo / Second_Generation_shock_tube ,2.0,10.0,,,,0.0,2.0,0.0,0.0,9.0,0.0,0.0,0.0,0.0,0.0,6.0,20.0,0.0
76,CCCCCCCCCCCC,1019,±1,4.36,±9.3,0.9624,21.0,78.0376,0.85,Ar,1828,Speceis,CH,,430.0,15.3,Stanford,aerosol_shock_tube / aerosol_shock_tube_low pressure / Second_generation_confo / Second_Generation_shock_tube ,2.0,10.0,,,,0.0,2.0,0.0,0.0,9.0,0.0,0.0,0.0,0.0,0.0,6.0,20.0,0.0
77,CCCCCCCCCCCC,1036,±1,22.1,,1.123,20.77,78.107,1.0,N2,432,Species,OH,±5,306.0,5.0,Stanford,n_Dodecane / Vasu_2010_thesis,2.0,10.0,,,,0.0,2.0,0.0,0.0,9.0,0.0,0.0,0.0,0.0,0.0,6.0,20.0,0.0
78,CCCCCCCCCCCC,1035,±1,4.43,±9.3,0.83,21.0,78.17,0.73,Ar,1803,Speceis,CH,,430.0,15.3,Stanford,aerosol_shock_tube / aerosol_shock_tube_low pressure / Second_generation_confo / Second_Generation_shock_tube ,2.0,10.0,,,,0.0,2.0,0.0,0.0,9.0,0.0,0.0,0.0,0.0,0.0,6.0,20.0,0.0
80,CCCCCCCCCCCC,1345,±1,5.92,±9.3,0.6297,21.0,78.3703,0.55,Ar,123,Speceis,CH,,430.0,15.3,Stanford,aerosol_shock_tube / aerosol_shock_tube_low pressure / Second_generation_confo / Second_Generation_shock_tube ,2.0,10.0,,,,0.0,2.0,0.0,0.0,9.0,0.0,0.0,0.0,0.0,0.0,6.0,20.0,0.0
81,CCCCCCCCCCCC,1466,,2.26,,0.0476,0.7525,99.1999,1.0,N2,438,Speceis,CH,,430.0,15.3,Stanford,n_Dodecane_Nano,2.0,10.0,,,,0.0,2.0,0.0,0.0,9.0,0.0,0.0,0.0,0.0,0.0,6.0,20.0,0.0
84,CCCCCCCCCCCC,992,±1,20.4,,1.123,20.77,78.107,1.0,N2,739,Species,OH,±5,306.0,5.0,Stanford,n_Dodecane / Vasu_2010_thesis,2.0,10.0,,,,0.0,2.0,0.0,0.0,9.0,0.0,0.0,0.0,0.0,0.0,6.0,20.0,0.0
85,CCCCCCCCCCCC,1037,±1,5.69,±9.3,0.5463,21.0,78.4537,0.48,Ar,2607,Speceis,CH,,430.0,15.3,Stanford,aerosol_shock_tube / aerosol_shock_tube_low pressure / Second_generation_confo / Second_Generation_shock_tube ,2.0,10.0,,,,0.0,2.0,0.0,0.0,9.0,0.0,0.0,0.0,0.0,0.0,6.0,20.0,0.0
86,CCCCCCCCCCCC,1553,,2.25,,0.05,0.7776,99.1724,1.0,N2,276,Speceis,CH,,430.0,15.3,Stanford,n_Dodecane_Nano,2.0,10.0,,,,0.0,2.0,0.0,0.0,9.0,0.0,0.0,0.0,0.0,0.0,6.0,20.0,0.0
87,CCCCCCCCCCCC,1175,,6.7,,0.57,21.0,78.43,0.5,N2,675,Speceis,CH,,430.0,15.3,Stanford,n_Dodecane_Nano,2.0,10.0,,,,0.0,2.0,0.0,0.0,9.0,0.0,0.0,0.0,0.0,0.0,6.0,20.0,0.0
88,CCCCCCCCCCCC,1015,±1,22.3,,1.123,20.77,78.107,1.0,N2,508,Species,OH,±5,306.0,5.0,Stanford,n_Dodecane / Vasu_2010_thesis,2.0,10.0,,,,0.0,2.0,0.0,0.0,9.0,0.0,0.0,0.0,0.0,0.0,6.0,20.0,0.0
90,CCCCCCCCCCCC,1322,±1,15.52,,0.051460000000000006,1.911,98.03754,0.5,N2,293,Species,OH,±5,306.0,5.0,Stanford,n_Dodecane / Vasu_2010_thesis,2.0,10.0,,,,0.0,2.0,0.0,0.0,9.0,0.0,0.0,0.0,0.0,0.0,6.0,20.0,0.0
91,CCCCCCCCCCCC,1211,±1,16.13,,0.1,3.725,96.175,0.5,N2,534,Species,OH,±5,306.0,5.0,Stanford,n_Dodecane / Vasu_2010_thesis,2.0,10.0,,,,0.0,2.0,0.0,0.0,9.0,0.0,0.0,0.0,0.0,0.0,6.0,20.0,0.0
92,CCCCCCCCCCCC,1126,,6.7,,0.57,21.0,78.43,0.5,N2,1069,Speceis,CH,,430.0,15.3,Stanford,n_Dodecane_Nano,2.0,10.0,,,,0.0,2.0,0.0,0.0,9.0,0.0,0.0,0.0,0.0,0.0,6.0,20.0,0.0
93,CCCCCCCCCCCC,1107,±1,23.3,,1.123,20.77,78.107,1.0,N2,298,Species,OH,±5,306.0,5.0,Stanford,n_Dodecane / Vasu_2010_thesis,2.0,10.0,,,,0.0,2.0,0.0,0.0,9.0,0.0,0.0,0.0,0.0,0.0,6.0,20.0,0.0
94,CCCCCCCCCCCC,976,±1,4.87,±9.3,0.4056,21.0,78.5944,0.36,Ar,6220,Speceis,CH,,430.0,15.3,Stanford,aerosol_shock_tube / aerosol_shock_tube_low pressure / Second_generation_confo / Second_Generation_shock_tube ,2.0,10.0,,,,0.0,2.0,0.0,0.0,9.0,0.0,0.0,0.0,0.0,0.0,6.0,20.0,0.0
95,CCCCCCCCCCCC,1112,±1,5.65,±9.3,0.1905,21.0,78.8095,0.17,Ar,2281,Speceis,CH,,430.0,15.3,Stanford,aerosol_shock_tube / aerosol_shock_tube_low pressure / Second_generation_confo / Second_Generation_shock_tube ,2.0,10.0,,,,0.0,2.0,0.0,0.0,9.0,0.0,0.0,0.0,0.0,0.0,6.0,20.0,0.0
96,CCCCCCCCCCCC,1127,±1,6.12,±9.3,0.6844,21.0,78.3156,0.6,N2,797,Speceis,CH,,430.0,15.3,Stanford,aerosol_shock_tube / aerosol_shock_tube_low pressure / Second_generation_confo / Second_Generation_shock_tube ,2.0,10.0,,,,0.0,2.0,0.0,0.0,9.0,0.0,0.0,0.0,0.0,0.0,6.0,20.0,0.0
98,CCCCCCCCCCCC,1179,±1,8.53,±9.3,0.9497,21.0,78.0503,0.84,N2,220,Speceis,CH,,430.0,15.3,Stanford,aerosol_shock_tube / aerosol_shock_tube_low pressure / Second_generation_confo / Second_Generation_shock_tube ,2.0,10.0,,,,0.0,2.0,0.0,0.0,9.0,0.0,0.0,0.0,0.0,0.0,6.0,20.0,0.0
101,CCCCCCCCCCCC,1177,±1,20.8,,0.565,20.89,78.545,0.5,N2,165,Species,OH,±5,306.0,5.0,Stanford,n_Dodecane / Vasu_2010_thesis,2.0,10.0,,,,0.0,2.0,0.0,0.0,9.0,0.0,0.0,0.0,0.0,0.0,6.0,20.0,0.0
102,CCCCCCCCCCCC,921,±1,6.25,±9.3,0.9985,21.0,78.0015,0.88,Ar,5556,Speceis,CH,,430.0,15.3,Stanford,aerosol_shock_tube / aerosol_shock_tube_low pressure / Second_generation_confo / Second_Generation_shock_tube ,2.0,10.0,,,,0.0,2.0,0.0,0.0,9.0,0.0,0.0,0.0,0.0,0.0,6.0,20.0,0.0
103,CCCCCCCCCCCC,1477,,2.25,,0.05,0.75,99.2,1.0,N2,216,Speceis,CH,,430.0,15.3,Stanford,n_Dodecane_Nano,2.0,10.0,,,,0.0,2.0,0.0,0.0,9.0,0.0,0.0,0.0,0.0,0.0,6.0,20.0,0.0
104,CCCCCCCCCCCC,1108,,6.7,,0.57,21.0,78.43,0.5,N2,1339,Speceis,CH,,430.0,15.3,Stanford,n_Dodecane_Nano,2.0,10.0,,,,0.0,2.0,0.0,0.0,9.0,0.0,0.0,0.0,0.0,0.0,6.0,20.0,0.0
105,CCCCCCCCCCCC,993,±1,4.23,±9.3,0.6795,21.0,78.3205,0.6,Ar,5732,Speceis,CH,,430.0,15.3,Stanford,aerosol_shock_tube / aerosol_shock_tube_low pressure / Second_generation_confo / Second_Generation_shock_tube ,2.0,10.0,,,,0.0,2.0,0.0,0.0,9.0,0.0,0.0,0.0,0.0,0.0,6.0,20.0,0.0
106,CCCCCCCCCCCC,1049,±1,5.76,±9.3,0.5734,21.0,78.4266,0.51,Ar,2581,Speceis,CH,,430.0,15.3,Stanford,aerosol_shock_tube / aerosol_shock_tube_low pressure / Second_generation_confo / Second_Generation_shock_tube ,2.0,10.0,,,,0.0,2.0,0.0,0.0,9.0,0.0,0.0,0.0,0.0,0.0,6.0,20.0,0.0
107,CCCCCCCCCCCC,1168,±1,6.37,±9.3,0.7339,21.0,78.2661,0.65,Ar,484,Speceis,CH,,430.0,15.3,Stanford,aerosol_shock_tube / aerosol_shock_tube_low pressure / Second_generation_confo / Second_Generation_shock_tube ,2.0,10.0,,,,0.0,2.0,0.0,0.0,9.0,0.0,0.0,0.0,0.0,0.0,6.0,20.0,0.0
108,CCCCCCCCCCCC,976,±1,4.49,±9.3,1.0,21.0,78.0,0.88,Ar,2555,Speceis,CH,,430.0,15.3,Stanford,aerosol_shock_tube / aerosol_shock_tube_low pressure / Second_generation_confo / Second_Generation_shock_tube ,2.0,10.0,,,,0.0,2.0,0.0,0.0,9.0,0.0,0.0,0.0,0.0,0.0,6.0,20.0,0.0
109,CCCCCCCCCCCC,1049,±1,18.9,,0.565,20.89,78.545,0.5,N2,839,Species,OH,±5,306.0,5.0,Stanford,n_Dodecane / Vasu_2010_thesis,2.0,10.0,,,,0.0,2.0,0.0,0.0,9.0,0.0,0.0,0.0,0.0,0.0,6.0,20.0,0.0
110,CCCCCCCCCCCC,1123,±1,24.0,,1.123,20.77,78.107,1.0,N2,262,Species,OH,±5,306.0,5.0,Stanford,n_Dodecane / Vasu_2010_thesis,2.0,10.0,,,,0.0,2.0,0.0,0.0,9.0,0.0,0.0,0.0,0.0,0.0,6.0,20.0,0.0
113,CCCCCCCCCCCC,1545,,2.07,,0.0505,0.7427,99.2068,1.0,N2,262,Speceis,CH,,430.0,15.3,Stanford,n_Dodecane_Nano,2.0,10.0,,,,0.0,2.0,0.0,0.0,9.0,0.0,0.0,0.0,0.0,0.0,6.0,20.0,0.0
114,CCCCCCCCCCCC,1078,±1,6.32,±9.3,0.5023,21.0,78.4977,0.44,Ar,1624,Speceis,CH,,430.0,15.3,Stanford,aerosol_shock_tube / aerosol_shock_tube_low pressure / Second_generation_confo / Second_Generation_shock_tube ,2.0,10.0,,,,0.0,2.0,0.0,0.0,9.0,0.0,0.0,0.0,0.0,0.0,6.0,20.0,0.0
115,CCCCCCCCCCCC,1149,±1,21.0,,0.565,20.89,78.545,0.5,N2,261,Species,OH,±5,306.0,5.0,Stanford,n_Dodecane / Vasu_2010_thesis,2.0,10.0,,,,0.0,2.0,0.0,0.0,9.0,0.0,0.0,0.0,0.0,0.0,6.0,20.0,0.0
116,CCCCCCCCCCCC,921,±1,4.86,±9.3,1.2309999999999999,21.0,77.76899999999998,1.08,Ar,6085,Speceis,CH,,430.0,15.3,Stanford,aerosol_shock_tube / aerosol_shock_tube_low pressure / Second_generation_confo / Second_Generation_shock_tube ,2.0,10.0,,,,0.0,2.0,0.0,0.0,9.0,0.0,0.0,0.0,0.0,0.0,6.0,20.0,0.0
117,CCCCCCCCCCCC,1450,,2.26,,0.0475,0.75,99.2025,1.0,N2,461,Speceis,CH,,430.0,15.3,Stanford,n_Dodecane_Nano,2.0,10.0,,,,0.0,2.0,0.0,0.0,9.0,0.0,0.0,0.0,0.0,0.0,6.0,20.0,0.0
119,CCCCCCCCCCCC,1068,±1,6.4,±9.3,0.516,21.0,78.484,0.45,Ar,2126,Speceis,CH,,430.0,15.3,Stanford,aerosol_shock_tube / aerosol_shock_tube_low pressure / Second_generation_confo / Second_Generation_shock_tube ,2.0,10.0,,,,0.0,2.0,0.0,0.0,9.0,0.0,0.0,0.0,0.0,0.0,6.0,20.0,0.0
121,CCCCCCCCCCCC,1407,,2.28,,0.046,0.7617,99.1923,1.0,N2,791,Speceis,CH,,430.0,15.3,Stanford,n_Dodecane_Nano,2.0,10.0,,,,0.0,2.0,0.0,0.0,9.0,0.0,0.0,0.0,0.0,0.0,6.0,20.0,0.0
122,CCCCCCCCCCCC,954,±1,5.05,±9.3,1.158,21.0,77.842,1.02,Ar,4169,Speceis,CH,,430.0,15.3,Stanford,aerosol_shock_tube / aerosol_shock_tube_low pressure / Second_generation_confo / Second_Generation_shock_tube ,2.0,10.0,,,,0.0,2.0,0.0,0.0,9.0,0.0,0.0,0.0,0.0,0.0,6.0,20.0,0.0
123,CCCCCCCCCCCC,1196,,6.7,,0.57,21.0,78.43,0.5,N2,229,Speceis,CH,,430.0,15.3,Stanford,n_Dodecane_Nano,2.0,10.0,,,,0.0,2.0,0.0,0.0,9.0,0.0,0.0,0.0,0.0,0.0,6.0,20.0,0.0
124,CCCCCCCCCCCC,903,±1,5.0,±9.3,0.9297,21.0,78.0703,0.82,Ar,7825,Speceis,CH,,430.0,15.3,Stanford,aerosol_shock_tube / aerosol_shock_tube_low pressure / Second_generation_confo / Second_Generation_shock_tube ,2.0,10.0,,,,0.0,2.0,0.0,0.0,9.0,0.0,0.0,0.0,0.0,0.0,6.0,20.0,0.0
125,CCCCCCCCCCCC,1187,,7.1,,0.21,21.0,78.79,0.18,N2,793,Speceis,CH,,430.0,15.3,Stanford,n_Dodecane_Nano,2.0,10.0,,,,0.0,2.0,0.0,0.0,9.0,0.0,0.0,0.0,0.0,0.0,6.0,20.0,0.0
126,CCCCCCCCCCCC,1102,±1,20.8,,1.123,20.77,78.107,1.0,N2,268,Species,OH,±5,306.0,5.0,Stanford,n_Dodecane / Vasu_2010_thesis,2.0,10.0,,,,0.0,2.0,0.0,0.0,9.0,0.0,0.0,0.0,0.0,0.0,6.0,20.0,0.0
127,CCCCCCCCCCCC,1222,±1,15.84,,0.075,2.786,97.139,0.5,N2,625,Species,OH,±5,306.0,5.0,Stanford,n_Dodecane / Vasu_2010_thesis,2.0,10.0,,,,0.0,2.0,0.0,0.0,9.0,0.0,0.0,0.0,0.0,0.0,6.0,20.0,0.0
128,CCCCCCCCCCCC,1118,±1,4.88,±9.3,0.8929,21.0,78.1071,0.79,Ar,587,Speceis,CH,,430.0,15.3,Stanford,aerosol_shock_tube / aerosol_shock_tube_low pressure / Second_generation_confo / Second_Generation_shock_tube ,2.0,10.0,,,,0.0,2.0,0.0,0.0,9.0,0.0,0.0,0.0,0.0,0.0,6.0,20.0,0.0
129,CCCCCCCCCCCC,1087,±1,19.6,,0.565,20.89,78.545,0.5,N2,527,Species,OH,±5,306.0,5.0,Stanford,n_Dodecane / Vasu_2010_thesis,2.0,10.0,,,,0.0,2.0,0.0,0.0,9.0,0.0,0.0,0.0,0.0,0.0,6.0,20.0,0.0
130,CCCCCCCCCCCC,1145,,6.7,,0.57,21.0,78.43,0.5,N2,605,Speceis,CH,,430.0,15.3,Stanford,n_Dodecane_Nano,2.0,10.0,,,,0.0,2.0,0.0,0.0,9.0,0.0,0.0,0.0,0.0,0.0,6.0,20.0,0.0
131,CCCCCCCCCCCC,940,±1,7.0,±9.3,1.166,21.0,77.834,1.03,Ar,2599,Speceis,CH,,430.0,15.3,Stanford,aerosol_shock_tube / aerosol_shock_tube_low pressure / Second_generation_confo / Second_Generation_shock_tube ,2.0,10.0,,,,0.0,2.0,0.0,0.0,9.0,0.0,0.0,0.0,0.0,0.0,6.0,20.0,0.0
132,CCCCCCCCCCCC,1134,±1,5.2,±9.3,0.0662,21.0,78.9338,0.06,Ar,2006,Speceis,CH,,430.0,15.3,Stanford,aerosol_shock_tube / aerosol_shock_tube_low pressure / Second_generation_confo / Second_Generation_shock_tube ,2.0,10.0,,,,0.0,2.0,0.0,0.0,9.0,0.0,0.0,0.0,0.0,0.0,6.0,20.0,0.0
133,CCCCCCCCCCCC,1167,±1,7.88,±9.3,1.0246,21.0,77.9754,0.9,N2,215,Speceis,CH,,430.0,15.3,Stanford,aerosol_shock_tube / aerosol_shock_tube_low pressure / Second_generation_confo / Second_Generation_shock_tube ,2.0,10.0,,,,0.0,2.0,0.0,0.0,9.0,0.0,0.0,0.0,0.0,0.0,6.0,20.0,0.0
135,CCCCCCCCCCCC,953,±1,20.0,,1.123,20.77,78.107,1.0,N2,1141,Species,OH,±5,306.0,5.0,Stanford,n_Dodecane / Vasu_2010_thesis,2.0,10.0,,,,0.0,2.0,0.0,0.0,9.0,0.0,0.0,0.0,0.0,0.0,6.0,20.0,0.0
136,CCCCCCCCCCCC,1117,±1,30.9,,0.565,20.89,78.545,0.5,N2,266,Species,OH,±5,306.0,5.0,Stanford,n_Dodecane / Vasu_2010_thesis,2.0,10.0,,,,0.0,2.0,0.0,0.0,9.0,0.0,0.0,0.0,0.0,0.0,6.0,20.0,0.0
137,CCCCCCCCCCCC,932,±1,4.98,±9.3,1.24,21.0,77.76,1.09,Ar,4627,Speceis,CH,,430.0,15.3,Stanford,aerosol_shock_tube / aerosol_shock_tube_low pressure / Second_generation_confo / Second_Generation_shock_tube ,2.0,10.0,,,,0.0,2.0,0.0,0.0,9.0,0.0,0.0,0.0,0.0,0.0,6.0,20.0,0.0
138,CCCCCCCCCCCC,1280,±1,16.57,,0.1,3.7,96.2,0.5,N2,195,Species,OH,±5,306.0,5.0,Stanford,n_Dodecane / Vasu_2010_thesis,2.0,10.0,,,,0.0,2.0,0.0,0.0,9.0,0.0,0.0,0.0,0.0,0.0,6.0,20.0,0.0
140,CCCCCCCCCCCC,1219,±1,16.1,,0.1,3.725,96.175,0.5,N2,485,Species,OH,±5,306.0,5.0,Stanford,n_Dodecane / Vasu_2010_thesis,2.0,10.0,,,,0.0,2.0,0.0,0.0,9.0,0.0,0.0,0.0,0.0,0.0,6.0,20.0,0.0
141,CCCCCCCCCCCC,1087,±1,19.4,,1.123,20.77,78.107,1.0,N2,403,Species,OH,±5,306.0,5.0,Stanford,n_Dodecane / Vasu_2010_thesis,2.0,10.0,,,,0.0,2.0,0.0,0.0,9.0,0.0,0.0,0.0,0.0,0.0,6.0,20.0,0.0
142,CCCCCCCCCCCC,978,±1,22.9,,1.123,20.77,78.107,1.0,N2,912,Species,OH,±5,306.0,5.0,Stanford,n_Dodecane / Vasu_2010_thesis,2.0,10.0,,,,0.0,2.0,0.0,0.0,9.0,0.0,0.0,0.0,0.0,0.0,6.0,20.0,0.0
143,CCCCCCCCCCCC,1179,±1,15.93,,0.1,3.725,96.175,0.5,N2,847,Species,OH,±5,306.0,5.0,Stanford,n_Dodecane / Vasu_2010_thesis,2.0,10.0,,,,0.0,2.0,0.0,0.0,9.0,0.0,0.0,0.0,0.0,0.0,6.0,20.0,0.0
144,CCCCCCCCCCCC,964,±1,5.82,±9.3,1.2890000000000001,21.0,77.711,1.14,Ar,1175,Speceis,CH,,430.0,15.3,Stanford,aerosol_shock_tube / aerosol_shock_tube_low pressure / Second_generation_confo / Second_Generation_shock_tube ,2.0,10.0,,,,0.0,2.0,0.0,0.0,9.0,0.0,0.0,0.0,0.0,0.0,6.0,20.0,0.0
145,CCCCCCCCCCCC,1118,±1,20.3,,0.565,20.89,78.545,0.5,N2,346,Species,OH,±5,306.0,5.0,Stanford,n_Dodecane / Vasu_2010_thesis,2.0,10.0,,,,0.0,2.0,0.0,0.0,9.0,0.0,0.0,0.0,0.0,0.0,6.0,20.0,0.0
146,CCCCCCCCCCCC,1187,,6.7,,0.57,21.0,78.43,0.5,N2,395,Speceis,CH,,430.0,15.3,Stanford,n_Dodecane_Nano,2.0,10.0,,,,0.0,2.0,0.0,0.0,9.0,0.0,0.0,0.0,0.0,0.0,6.0,20.0,0.0
147,CCCCC,1396,±0.7,1.65,±1,0.25,4.0,95.75,0.5,Ar,255,Species,OH,±3,306.0,14.13,Stanford,Lam_2013_thesis / Normal_Alkanes_and_Simple_Oxygenates,2.0,3.0,,,,0.0,2.0,0.0,0.0,2.0,0.0,0.0,0.0,0.0,0.0,6.0,6.0,0.0
150,CCCCC,1426,±0.7,1.83,±1,0.5,4.0,95.5,1.0,Ar,281,Species,OH,±3,306.0,14.13,Stanford,Lam_2013_thesis / Normal_Alkanes_and_Simple_Oxygenates,2.0,3.0,,,,0.0,2.0,0.0,0.0,2.0,0.0,0.0,0.0,0.0,0.0,6.0,6.0,0.0
152,CCCCC,1263,±0.7,1.73,±1,0.25,4.0,95.75,0.5,Ar,1391,Species,OH,±3,306.0,14.13,Stanford,Lam_2013_thesis / Normal_Alkanes_and_Simple_Oxygenates,2.0,3.0,,,,0.0,2.0,0.0,0.0,2.0,0.0,0.0,0.0,0.0,0.0,6.0,6.0,0.0
155,CCCCC,1489,±0.7,1.74,±1,0.5,4.0,95.5,1.0,Ar,145,Species,OH,±3,306.0,14.13,Stanford,Lam_2013_thesis / Normal_Alkanes_and_Simple_Oxygenates,2.0,3.0,,,,0.0,2.0,0.0,0.0,2.0,0.0,0.0,0.0,0.0,0.0,6.0,6.0,0.0
156,CCCCC,1360,±0.7,1.91,±1,0.5,4.0,95.5,1.0,Ar,603,Species,OH,±3,306.0,14.13,Stanford,Lam_2013_thesis / Normal_Alkanes_and_Simple_Oxygenates,2.0,3.0,,,,0.0,2.0,0.0,0.0,2.0,0.0,0.0,0.0,0.0,0.0,6.0,6.0,0.0
159,CCCCC,1449,±0.7,3.41,±1,0.5,4.0,95.5,1.0,Ar,162,Species,OH,±3,306.0,14.13,Stanford,Lam_2013_thesis / Normal_Alkanes_and_Simple_Oxygenates,2.0,3.0,,,,0.0,2.0,0.0,0.0,2.0,0.0,0.0,0.0,0.0,0.0,6.0,6.0,0.0
161,CCCCCCC,1386,±1,1.24,,1.75,19.7,78.55,1.0,Ar,177,Species,CH,±5,431.0,15.3,Stanford,Horning_2001_thesis / Autoignition_ n_Alkane,2.0,5.0,,,,0.0,2.0,0.0,0.0,4.0,0.0,0.0,0.0,0.0,0.0,6.0,10.0,0.0
162,CCCCCCC,1413,±1,4.16,,0.4,4.4,95.2,1.0,Ar,183,Species,CH,±5,431.0,15.3,Stanford,Horning_2001_thesis / Autoignition_ n_Alkane,2.0,5.0,,,,0.0,2.0,0.0,0.0,4.0,0.0,0.0,0.0,0.0,0.0,6.0,10.0,0.0
163,CCCCCCC,1502,±1,2.262,±1,0.03,0.33,99.64,1.0,Ar,280,Species,OH,,306.7,15.3,Stanford,n_heptane_oxidation,2.0,5.0,,,,0.0,2.0,0.0,0.0,4.0,0.0,0.0,0.0,0.0,0.0,6.0,10.0,0.0
164,CCCCCCC,1349,±1,1.2,,1.2,13.2,85.6,1.0,Ar,411,Species,CH,±5,431.0,15.3,Stanford,Horning_2001_thesis / Autoignition_ n_Alkane,2.0,5.0,,,,0.0,2.0,0.0,0.0,4.0,0.0,0.0,0.0,0.0,0.0,6.0,10.0,0.0
165,CCCCCCC,1048,±1.8,16.72,,1.874,20.6,77.52600000000002,1.0,N2,854,Species,OH,,306.7,5.0,Stanford,blend_surrogate_fuels,2.0,5.0,,,,0.0,2.0,0.0,0.0,4.0,0.0,0.0,0.0,0.0,0.0,6.0,10.0,0.0
166,CCCCCCC,1305,±1.8,10.62,,1.874,20.6,77.52600000000002,1.0,N2,117,Species,OH,,306.7,5.0,Stanford,blend_surrogate_fuels,2.0,5.0,,,,0.0,2.0,0.0,0.0,4.0,0.0,0.0,0.0,0.0,0.0,6.0,10.0,0.0
169,CCCCCCC,1409,±1,1.27,,1.2,8.8,90.0,1.5,Ar,321,Species,CH,±5,431.0,15.3,Stanford,Horning_2001_thesis / Autoignition_ n_Alkane,2.0,5.0,,,,0.0,2.0,0.0,0.0,4.0,0.0,0.0,0.0,0.0,0.0,6.0,10.0,0.0
171,CCCCCCC,1378,±1,2.326,±1,0.03,0.33,99.64,1.0,Ar,1330,Species,OH,,306.7,15.3,Stanford,n_heptane_oxidation,2.0,5.0,,,,0.0,2.0,0.0,0.0,4.0,0.0,0.0,0.0,0.0,0.0,6.0,10.0,0.0
172,CCCCCCC,1375,±1,5.68,,0.4,4.4,95.2,1.0,Ar,271,Species,CH,±5,431.0,15.3,Stanford,Horning_2001_thesis / Autoignition_ n_Alkane,2.0,5.0,,,,0.0,2.0,0.0,0.0,4.0,0.0,0.0,0.0,0.0,0.0,6.0,10.0,0.0
173,CCCCCCC,1012,±1.8,18.13,,1.874,20.6,77.52600000000002,1.0,N2,944,Species,OH,,306.7,5.0,Stanford,blend_surrogate_fuels,2.0,5.0,,,,0.0,2.0,0.0,0.0,4.0,0.0,0.0,0.0,0.0,0.0,6.0,10.0,0.0
174,CCCCCCC,1395,±1,1.72,,0.05,0.55,99.4,1.0,Ar,878,Species,CH3,,216.0,15.3,Stanford,iso_octane_heptane,2.0,5.0,,,,0.0,2.0,0.0,0.0,4.0,0.0,0.0,0.0,0.0,0.0,6.0,10.0,0.0
175,CCCCCCC,1431,±1,5.71,,0.4,4.4,95.2,1.0,Ar,120,Species,CH,±5,431.0,15.3,Stanford,Horning_2001_thesis / Autoignition_ n_Alkane,2.0,5.0,,,,0.0,2.0,0.0,0.0,4.0,0.0,0.0,0.0,0.0,0.0,6.0,10.0,0.0
176,CCCCCCC,1358,±1.8,1.85,,1.874,20.6,77.52600000000002,1.0,N2,152,Species,OH,,306.7,5.0,Stanford,blend_surrogate_fuels,2.0,5.0,,,,0.0,2.0,0.0,0.0,4.0,0.0,0.0,0.0,0.0,0.0,6.0,10.0,0.0
177,CCCCCCC,1516,±1,1.21,,1.2,6.6,92.2,2.0,Ar,205,Species,CH,±5,431.0,15.3,Stanford,Horning_2001_thesis / Autoignition_ n_Alkane,2.0,5.0,,,,0.0,2.0,0.0,0.0,4.0,0.0,0.0,0.0,0.0,0.0,6.0,10.0,0.0
178,CCCCCCC,1434,±1,2.15,,0.4,4.4,95.2,1.0,Ar,205,Species,CH,±5,431.0,15.3,Stanford,Horning_2001_thesis / Autoignition_ n_Alkane,2.0,5.0,,,,0.0,2.0,0.0,0.0,4.0,0.0,0.0,0.0,0.0,0.0,6.0,10.0,0.0
179,CCCCCCC,1372,±1,5.57,,0.4,4.4,95.2,1.0,Ar,279,Species,CH,±5,431.0,15.3,Stanford,Horning_2001_thesis / Autoignition_ n_Alkane,2.0,5.0,,,,0.0,2.0,0.0,0.0,4.0,0.0,0.0,0.0,0.0,0.0,6.0,10.0,0.0
182,CCCCCCC,1271,±1,15.0,,0.1,2.2,97.7,0.5,Ar,377,Species,OH,,306.7,7.5,Stanford,n_heptane_methylcyclohexane,2.0,5.0,,,,0.0,2.0,0.0,0.0,4.0,0.0,0.0,0.0,0.0,0.0,6.0,10.0,0.0
183,CCCCCCC,1409,±1,1.27,,1.2,13.2,85.6,1.0,Ar,179,Species,CH,±5,431.0,15.3,Stanford,Horning_2001_thesis / Autoignition_ n_Alkane,2.0,5.0,,,,0.0,2.0,0.0,0.0,4.0,0.0,0.0,0.0,0.0,0.0,6.0,10.0,0.0
186,CCCCCCC,1335,±1,1.3,,1.2,13.2,85.6,1.0,Ar,466,Species,CH,±5,431.0,15.3,Stanford,Horning_2001_thesis / Autoignition_ n_Alkane,2.0,5.0,,,,0.0,2.0,0.0,0.0,4.0,0.0,0.0,0.0,0.0,0.0,6.0,10.0,0.0
187,CCCCCCC,1438,±1,1.22,,0.4,4.8,94.8,0.9,Ar,238,Species,CH,±5,431.0,15.3,Stanford,Horning_2001_thesis / Autoignition_ n_Alkane,2.0,5.0,,,,0.0,2.0,0.0,0.0,4.0,0.0,0.0,0.0,0.0,0.0,6.0,10.0,0.0
188,CCCCCCC,1381,±1,1.18,,0.4,4.8,94.8,0.9,Ar,488,Species,CH,±5,431.0,15.3,Stanford,Horning_2001_thesis / Autoignition_ n_Alkane,2.0,5.0,,,,0.0,2.0,0.0,0.0,4.0,0.0,0.0,0.0,0.0,0.0,6.0,10.0,0.0
189,CCCCCCC,1468,±1,2.13,,0.2,2.2,97.6,1.0,Ar,216,Species,CH,±5,431.0,15.3,Stanford,Horning_2001_thesis / Autoignition_ n_Alkane,2.0,5.0,,,,0.0,2.0,0.0,0.0,4.0,0.0,0.0,0.0,0.0,0.0,6.0,10.0,0.0
190,CCCCCCC,1476,±1,4.03,,0.4,4.4,95.2,1.0,Ar,90,Species,CH,±5,431.0,15.3,Stanford,Horning_2001_thesis / Autoignition_ n_Alkane,2.0,5.0,,,,0.0,2.0,0.0,0.0,4.0,0.0,0.0,0.0,0.0,0.0,6.0,10.0,0.0
191,CCCCCCC,1446,±1,1.15,,0.4,4.8,94.8,0.9,Ar,234,Species,CH,±5,431.0,15.3,Stanford,Horning_2001_thesis / Autoignition_ n_Alkane,2.0,5.0,,,,0.0,2.0,0.0,0.0,4.0,0.0,0.0,0.0,0.0,0.0,6.0,10.0,0.0
192,CCCCCCC,1329,±1,1.19,,1.75,19.7,78.55,1.0,Ar,382,Species,CH,±5,431.0,15.3,Stanford,Horning_2001_thesis / Autoignition_ n_Alkane,2.0,5.0,,,,0.0,2.0,0.0,0.0,4.0,0.0,0.0,0.0,0.0,0.0,6.0,10.0,0.0
193,CCCCCCC,1442,±1,5.65,,0.4,4.4,95.2,1.0,Ar,117,Species,CH,±5,431.0,15.3,Stanford,Horning_2001_thesis / Autoignition_ n_Alkane,2.0,5.0,,,,0.0,2.0,0.0,0.0,4.0,0.0,0.0,0.0,0.0,0.0,6.0,10.0,0.0
195,CCCCCCC,906,±1.8,19.87,,1.874,20.6,77.52600000000002,1.0,N2,1836,Species,OH,,306.7,5.0,Stanford,blend_surrogate_fuels,2.0,5.0,,,,0.0,2.0,0.0,0.0,4.0,0.0,0.0,0.0,0.0,0.0,6.0,10.0,0.0
196,CCCCCCC,1347,±1,1.29,,0.4,8.8,90.8,0.5,Ar,308,Species,CH,±5,431.0,15.3,Stanford,Horning_2001_thesis / Autoignition_ n_Alkane,2.0,5.0,,,,0.0,2.0,0.0,0.0,4.0,0.0,0.0,0.0,0.0,0.0,6.0,10.0,0.0
198,CCCCCCC,1249,±1.8,1.97,,1.874,20.6,77.52600000000002,1.0,N2,298,Species,OH,,306.7,5.0,Stanford,blend_surrogate_fuels,2.0,5.0,,,,0.0,2.0,0.0,0.0,4.0,0.0,0.0,0.0,0.0,0.0,6.0,10.0,0.0
199,CCCCCCC,1023,±1.8,54.2,,1.874,20.6,77.52600000000002,1.0,N2,261,Species,OH,,306.7,5.0,Stanford,blend_surrogate_fuels,2.0,5.0,,,,0.0,2.0,0.0,0.0,4.0,0.0,0.0,0.0,0.0,0.0,6.0,10.0,0.0
200,CCCCCCC,1330,±1,1.16,,1.75,19.7,78.55,1.0,Ar,382,Species,CH,±5,431.0,15.3,Stanford,Horning_2001_thesis / Autoignition_ n_Alkane,2.0,5.0,,,,0.0,2.0,0.0,0.0,4.0,0.0,0.0,0.0,0.0,0.0,6.0,10.0,0.0
202,CCCCCCC,1551,,2.14,,0.03,0.33,99.64,1.0,Ar,207,Species,OH,±5,306.7,8.9,Stanford,n_Alkane_Oxidation,2.0,5.0,,,,0.0,2.0,0.0,0.0,4.0,0.0,0.0,0.0,0.0,0.0,6.0,10.0,0.0
203,CCCCCCC,1419,±1,5.41,,0.4,4.4,95.2,1.0,Ar,158,Species,CH,±5,431.0,15.3,Stanford,Horning_2001_thesis / Autoignition_ n_Alkane,2.0,5.0,,,,0.0,2.0,0.0,0.0,4.0,0.0,0.0,0.0,0.0,0.0,6.0,10.0,0.0
204,CCCCCCC,1027,±1.8,59.1,,1.874,20.6,77.52600000000002,1.0,N2,237,Species,OH,,306.7,5.0,Stanford,blend_surrogate_fuels,2.0,5.0,,,,0.0,2.0,0.0,0.0,4.0,0.0,0.0,0.0,0.0,0.0,6.0,10.0,0.0
205,CCCCCCC,1378,±1,1.15,,0.8,8.8,90.4,1.0,Ar,385,Species,CH,±5,431.0,15.3,Stanford,Horning_2001_thesis / Autoignition_ n_Alkane,2.0,5.0,,,,0.0,2.0,0.0,0.0,4.0,0.0,0.0,0.0,0.0,0.0,6.0,10.0,0.0
206,CCCCCCC,1426,±1,1.17,,0.8,8.8,90.4,1.0,Ar,208,Species,CH,±5,431.0,15.3,Stanford,Horning_2001_thesis / Autoignition_ n_Alkane,2.0,5.0,,,,0.0,2.0,0.0,0.0,4.0,0.0,0.0,0.0,0.0,0.0,6.0,10.0,0.0
209,CCCCCCC,1347,±1,1.22,,0.4,8.8,90.8,0.5,Ar,323,Species,CH,±5,431.0,15.3,Stanford,Horning_2001_thesis / Autoignition_ n_Alkane,2.0,5.0,,,,0.0,2.0,0.0,0.0,4.0,0.0,0.0,0.0,0.0,0.0,6.0,10.0,0.0
210,CCCCCCC,985,±1.8,48.6,,1.874,20.6,77.52600000000002,1.0,N2,364,Species,OH,,306.7,5.0,Stanford,blend_surrogate_fuels,2.0,5.0,,,,0.0,2.0,0.0,0.0,4.0,0.0,0.0,0.0,0.0,0.0,6.0,10.0,0.0
214,CCCCCCC,1540,,3.67,,0.03,0.33,99.64,1.0,Ar,181,Species,OH,±5,306.7,8.9,Stanford,n_Alkane_Oxidation,2.0,5.0,,,,0.0,2.0,0.0,0.0,4.0,0.0,0.0,0.0,0.0,0.0,6.0,10.0,0.0
215,CCCCCCC,1400,±1,5.63,,0.4,4.4,95.2,1.0,Ar,190,Species,CH,±5,431.0,15.3,Stanford,Horning_2001_thesis / Autoignition_ n_Alkane,2.0,5.0,,,,0.0,2.0,0.0,0.0,4.0,0.0,0.0,0.0,0.0,0.0,6.0,10.0,0.0
217,CCCCCCC,1384,±1,2.12,,0.4,4.4,95.2,1.0,Ar,403,Species,CH,±5,431.0,15.3,Stanford,Horning_2001_thesis / Autoignition_ n_Alkane,2.0,5.0,,,,0.0,2.0,0.0,0.0,4.0,0.0,0.0,0.0,0.0,0.0,6.0,10.0,0.0
220,CCCCCCC,1007,±1.8,57.7,,1.874,20.6,77.52600000000002,1.0,N2,232,Species,OH,,306.7,5.0,Stanford,blend_surrogate_fuels,2.0,5.0,,,,0.0,2.0,0.0,0.0,4.0,0.0,0.0,0.0,0.0,0.0,6.0,10.0,0.0
222,CCCCCCC,1676,±1,1.22,,0.4,2.2,97.4,2.0,Ar,147,Species,CH,±5,431.0,15.3,Stanford,Horning_2001_thesis / Autoignition_ n_Alkane,2.0,5.0,,,,0.0,2.0,0.0,0.0,4.0,0.0,0.0,0.0,0.0,0.0,6.0,10.0,0.0
223,CCCCCCC,1358,±1,2.436,±1,0.03,0.33,99.64,1.0,Ar,1280,Species,OH,,306.7,15.3,Stanford,n_heptane_oxidation,2.0,5.0,,,,0.0,2.0,0.0,0.0,4.0,0.0,0.0,0.0,0.0,0.0,6.0,10.0,0.0
226,CCCCCCC,1421,±1,5.69,,0.4,4.4,95.2,1.0,Ar,138,Species,CH,±5,431.0,15.3,Stanford,Horning_2001_thesis / Autoignition_ n_Alkane,2.0,5.0,,,,0.0,2.0,0.0,0.0,4.0,0.0,0.0,0.0,0.0,0.0,6.0,10.0,0.0
227,CCCCCCC,1290,±1.8,11.8,,1.874,20.6,77.52600000000002,1.0,N2,118,Species,OH,,306.7,5.0,Stanford,blend_surrogate_fuels,2.0,5.0,,,,0.0,2.0,0.0,0.0,4.0,0.0,0.0,0.0,0.0,0.0,6.0,10.0,0.0
228,CCCCCCC,1236,±1.8,11.24,,1.874,20.6,77.52600000000002,1.0,N2,207,Species,OH,,306.7,5.0,Stanford,blend_surrogate_fuels,2.0,5.0,,,,0.0,2.0,0.0,0.0,4.0,0.0,0.0,0.0,0.0,0.0,6.0,10.0,0.0
229,CCCCCCC,1412,±1,2.14,,0.4,4.4,95.2,1.0,Ar,265,Species,CH,±5,431.0,15.3,Stanford,Horning_2001_thesis / Autoignition_ n_Alkane,2.0,5.0,,,,0.0,2.0,0.0,0.0,4.0,0.0,0.0,0.0,0.0,0.0,6.0,10.0,0.0
230,CCCCCCC,1345,±1,1.34,,0.4,8.8,90.8,0.5,Ar,305,Species,CH,±5,431.0,15.3,Stanford,Horning_2001_thesis / Autoignition_ n_Alkane,2.0,5.0,,,,0.0,2.0,0.0,0.0,4.0,0.0,0.0,0.0,0.0,0.0,6.0,10.0,0.0
231,CCCCCCC,1501,±1,2.08,,0.2,2.2,97.6,1.0,Ar,150,Species,CH,±5,431.0,15.3,Stanford,Horning_2001_thesis / Autoignition_ n_Alkane,2.0,5.0,,,,0.0,2.0,0.0,0.0,4.0,0.0,0.0,0.0,0.0,0.0,6.0,10.0,0.0
232,CCCCCCC,1463,±1,4.11,,0.4,4.4,95.2,1.0,Ar,103,Species,CH,±5,431.0,15.3,Stanford,Horning_2001_thesis / Autoignition_ n_Alkane,2.0,5.0,,,,0.0,2.0,0.0,0.0,4.0,0.0,0.0,0.0,0.0,0.0,6.0,10.0,0.0
233,CCCCCCC,1458,±1,1.27,,0.4,4.4,95.2,1.0,Ar,208,Species,CH,±5,431.0,15.3,Stanford,Horning_2001_thesis / Autoignition_ n_Alkane,2.0,5.0,,,,0.0,2.0,0.0,0.0,4.0,0.0,0.0,0.0,0.0,0.0,6.0,10.0,0.0
234,CCCCCCC,1057,±1.8,50.0,,1.874,20.6,77.52600000000002,1.0,N2,194,Species,OH,,306.7,5.0,Stanford,blend_surrogate_fuels,2.0,5.0,,,,0.0,2.0,0.0,0.0,4.0,0.0,0.0,0.0,0.0,0.0,6.0,10.0,0.0
237,CCCCCCC,1063,±1.8,53.1,,1.874,20.6,77.52600000000002,1.0,N2,179,Species,OH,,306.7,5.0,Stanford,blend_surrogate_fuels,2.0,5.0,,,,0.0,2.0,0.0,0.0,4.0,0.0,0.0,0.0,0.0,0.0,6.0,10.0,0.0
239,CCCCCCC,1411,±1,1.29,,1.2,8.8,90.0,1.5,Ar,311,Species,CH,±5,431.0,15.3,Stanford,Horning_2001_thesis / Autoignition_ n_Alkane,2.0,5.0,,,,0.0,2.0,0.0,0.0,4.0,0.0,0.0,0.0,0.0,0.0,6.0,10.0,0.0
240,CCCCCCC,1428,±1,1.27,,0.4,4.4,95.2,1.0,Ar,296,Species,CH,±5,431.0,15.3,Stanford,Horning_2001_thesis / Autoignition_ n_Alkane,2.0,5.0,,,,0.0,2.0,0.0,0.0,4.0,0.0,0.0,0.0,0.0,0.0,6.0,10.0,0.0
241,CCCCCCC,1494,±1,2.155,±1,0.03,0.33,99.64,1.0,Ar,308,Species,OH,,306.7,15.3,Stanford,n_heptane_oxidation,2.0,5.0,,,,0.0,2.0,0.0,0.0,4.0,0.0,0.0,0.0,0.0,0.0,6.0,10.0,0.0
242,CCCCCCC,1465,±1,1.14,,1.2,8.8,90.0,1.5,Ar,189,Species,CH,±5,431.0,15.3,Stanford,Horning_2001_thesis / Autoignition_ n_Alkane,2.0,5.0,,,,0.0,2.0,0.0,0.0,4.0,0.0,0.0,0.0,0.0,0.0,6.0,10.0,0.0
244,CCCCCCC,1432,±1,2.15,,0.2,2.2,97.6,1.0,Ar,345,Species,CH,±5,431.0,15.3,Stanford,Horning_2001_thesis / Autoignition_ n_Alkane,2.0,5.0,,,,0.0,2.0,0.0,0.0,4.0,0.0,0.0,0.0,0.0,0.0,6.0,10.0,0.0
245,CCCCCCC,1344,±1.8,10.27,,1.874,20.6,77.52600000000002,1.0,N2,85,Species,OH,,306.7,5.0,Stanford,blend_surrogate_fuels,2.0,5.0,,,,0.0,2.0,0.0,0.0,4.0,0.0,0.0,0.0,0.0,0.0,6.0,10.0,0.0
247,CCCCCCC,1013,±1.8,53.6,,1.874,20.6,77.52600000000002,1.0,N2,292,Species,OH,,306.7,5.0,Stanford,blend_surrogate_fuels,2.0,5.0,,,,0.0,2.0,0.0,0.0,4.0,0.0,0.0,0.0,0.0,0.0,6.0,10.0,0.0
248,CCCCCCC,1420,±1,4.07,,0.4,4.4,95.2,1.0,Ar,163,Species,CH,±5,431.0,15.3,Stanford,Horning_2001_thesis / Autoignition_ n_Alkane,2.0,5.0,,,,0.0,2.0,0.0,0.0,4.0,0.0,0.0,0.0,0.0,0.0,6.0,10.0,0.0
250,CCCCCCC,1394,±1,4.22,,0.4,4.4,95.2,1.0,Ar,227,Species,CH,±5,431.0,15.3,Stanford,Horning_2001_thesis / Autoignition_ n_Alkane,2.0,5.0,,,,0.0,2.0,0.0,0.0,4.0,0.0,0.0,0.0,0.0,0.0,6.0,10.0,0.0
251,CCCCCCC,850,±1.8,19.92,,1.874,20.6,77.52600000000002,1.0,N2,1653,Species,OH,,306.7,5.0,Stanford,blend_surrogate_fuels,2.0,5.0,,,,0.0,2.0,0.0,0.0,4.0,0.0,0.0,0.0,0.0,0.0,6.0,10.0,0.0
252,CCCCCCC,1455,±1,2.13,,0.4,4.4,95.2,1.0,Ar,165,Species,CH,±5,431.0,15.3,Stanford,Horning_2001_thesis / Autoignition_ n_Alkane,2.0,5.0,,,,0.0,2.0,0.0,0.0,4.0,0.0,0.0,0.0,0.0,0.0,6.0,10.0,0.0
253,CCCC,1666,±1,1.03,±1,1.0,3.25,95.75,2.0,Ar,177,Speceis,CH,±5,431.0,15.3,Stanford,Autoignition_ n_Alkane / Horning_2001_thesis,2.0,2.0,,,,0.0,2.0,0.0,0.0,1.0,0.0,0.0,0.0,0.0,0.0,6.0,4.0,0.0
254,CCCC,1546,±1,1.37,±1,0.5,3.25,96.25,1.0,Ar,136,Speceis,CH,±5,431.0,15.3,Stanford,Autoignition_ n_Alkane / Horning_2001_thesis,2.0,2.0,,,,0.0,2.0,0.0,0.0,1.0,0.0,0.0,0.0,0.0,0.0,6.0,4.0,0.0
256,CCCC,1445,±1,2.02,±1,1.0,6.5,92.5,1.0,Ar,186,Speceis,CH,±5,431.0,15.3,Stanford,Autoignition_ n_Alkane / Horning_2001_thesis,2.0,2.0,,,,0.0,2.0,0.0,0.0,1.0,0.0,0.0,0.0,0.0,0.0,6.0,4.0,0.0
257,CCCC,1433,±1,3.75,±1,1.0,6.5,92.5,1.0,Ar,151,Speceis,CH,±5,431.0,15.3,Stanford,Autoignition_ n_Alkane / Horning_2001_thesis,2.0,2.0,,,,0.0,2.0,0.0,0.0,1.0,0.0,0.0,0.0,0.0,0.0,6.0,4.0,0.0
259,CCCC,1352,±1,1.14,±1,1.0,13.0,86.0,0.5,Ar,307,Speceis,CH,±5,431.0,15.3,Stanford,Autoignition_ n_Alkane / Horning_2001_thesis,2.0,2.0,,,,0.0,2.0,0.0,0.0,1.0,0.0,0.0,0.0,0.0,0.0,6.0,4.0,0.0
260,CCCC,1415,±1,3.8,±1,1.0,6.5,92.5,1.0,Ar,189,Speceis,CH,±5,431.0,15.3,Stanford,Autoignition_ n_Alkane / Horning_2001_thesis,2.0,2.0,,,,0.0,2.0,0.0,0.0,1.0,0.0,0.0,0.0,0.0,0.0,6.0,4.0,0.0
261,CCCC,1531,,2.16,,0.05,0.325,99.625,1.0,Ar,260,Speceis,OH,±5,306.7,8.9,Stanford,n_Alkane_Oxidation,2.0,2.0,,,,0.0,2.0,0.0,0.0,1.0,0.0,0.0,0.0,0.0,0.0,6.0,4.0,0.0
264,CCCC,1434,±1,1.15,±1,2.0,13.0,85.0,1.0,Ar,180,Speceis,CH,±5,431.0,15.3,Stanford,Autoignition_ n_Alkane / Horning_2001_thesis,2.0,2.0,,,,0.0,2.0,0.0,0.0,1.0,0.0,0.0,0.0,0.0,0.0,6.0,4.0,0.0
265,CCCC,1407,±1,1.99,±1,1.0,6.5,92.5,1.0,Ar,297,Speceis,CH,±5,431.0,15.3,Stanford,Autoignition_ n_Alkane / Horning_2001_thesis,2.0,2.0,,,,0.0,2.0,0.0,0.0,1.0,0.0,0.0,0.0,0.0,0.0,6.0,4.0,0.0
269,CCCC,1478,±1,1.2,±1,0.5,3.25,96.25,1.0,Ar,275,Speceis,CH,±5,431.0,15.3,Stanford,Autoignition_ n_Alkane / Horning_2001_thesis,2.0,2.0,,,,0.0,2.0,0.0,0.0,1.0,0.0,0.0,0.0,0.0,0.0,6.0,4.0,0.0
270,CCCC,1385,±1,1.18,±1,2.0,13.0,85.0,1.0,Ar,353,Speceis,CH,±5,431.0,15.3,Stanford,Autoignition_ n_Alkane / Horning_2001_thesis,2.0,2.0,,,,0.0,2.0,0.0,0.0,1.0,0.0,0.0,0.0,0.0,0.0,6.0,4.0,0.0
272,CCCC,1399,±1,3.81,±1,1.0,6.5,92.5,1.0,Ar,243,Speceis,CH,±5,431.0,15.3,Stanford,Autoignition_ n_Alkane / Horning_2001_thesis,2.0,2.0,,,,0.0,2.0,0.0,0.0,1.0,0.0,0.0,0.0,0.0,0.0,6.0,4.0,0.0
274,CCCC,1409,±1,1.17,±1,1.0,6.5,92.5,1.0,Ar,390,Speceis,CH,±5,431.0,15.3,Stanford,Autoignition_ n_Alkane / Horning_2001_thesis,2.0,2.0,,,,0.0,2.0,0.0,0.0,1.0,0.0,0.0,0.0,0.0,0.0,6.0,4.0,0.0
275,CCCC,1734,±1,1.08,±1,1.0,3.25,95.75,2.0,Ar,105,Speceis,CH,±5,431.0,15.3,Stanford,Autoignition_ n_Alkane / Horning_2001_thesis,2.0,2.0,,,,0.0,2.0,0.0,0.0,1.0,0.0,0.0,0.0,0.0,0.0,6.0,4.0,0.0
276,CCCC,1543,±3,5.42,,0.95,6.19,92.86,1.0,Ar,46,Speceis,CH,±2.36,430.0,11.5,Xi’an_Jiaotong,C1_C4_Alkanes,2.0,2.0,,,,0.0,2.0,0.0,0.0,1.0,0.0,0.0,0.0,0.0,0.0,6.0,4.0,0.0
277,CCCC,1400,±1,2.03,±1,1.0,6.5,92.5,1.0,Ar,335,Speceis,CH,±5,431.0,15.3,Stanford,Autoignition_ n_Alkane / Horning_2001_thesis,2.0,2.0,,,,0.0,2.0,0.0,0.0,1.0,0.0,0.0,0.0,0.0,0.0,6.0,4.0,0.0
279,CCCC,1400,±3,5.3,,0.95,6.19,92.86,1.0,Ar,199,Speceis,CH,±2.36,430.0,11.5,Xi’an_Jiaotong,C1_C4_Alkanes,2.0,2.0,,,,0.0,2.0,0.0,0.0,1.0,0.0,0.0,0.0,0.0,0.0,6.0,4.0,0.0
281,CCCC,1532,±1,1.33,±1,0.5,3.25,96.25,1.0,Ar,156,Speceis,CH,±5,431.0,15.3,Stanford,Autoignition_ n_Alkane / Horning_2001_thesis,2.0,2.0,,,,0.0,2.0,0.0,0.0,1.0,0.0,0.0,0.0,0.0,0.0,6.0,4.0,0.0
283,CCCC,1513,±1,1.18,±1,0.5,3.25,96.25,1.0,Ar,186,Speceis,CH,±5,431.0,15.3,Stanford,Autoignition_ n_Alkane / Horning_2001_thesis,2.0,2.0,,,,0.0,2.0,0.0,0.0,1.0,0.0,0.0,0.0,0.0,0.0,6.0,4.0,0.0
284,CCCC,1432,±1,1.17,±1,2.0,13.0,85.0,1.0,Ar,179,Speceis,CH,±5,431.0,15.3,Stanford,Autoignition_ n_Alkane / Horning_2001_thesis,2.0,2.0,,,,0.0,2.0,0.0,0.0,1.0,0.0,0.0,0.0,0.0,0.0,6.0,4.0,0.0
285,CCCC,1499,±1,1.14,±1,1.0,6.5,92.5,1.0,Ar,151,Speceis,CH,±5,431.0,15.3,Stanford,Autoignition_ n_Alkane / Horning_2001_thesis,2.0,2.0,,,,0.0,2.0,0.0,0.0,1.0,0.0,0.0,0.0,0.0,0.0,6.0,4.0,0.0
287,CCCC,1455,±1,1.15,±1,2.0,13.0,85.0,1.0,Ar,149,Speceis,CH,±5,431.0,15.3,Stanford,Autoignition_ n_Alkane / Horning_2001_thesis,2.0,2.0,,,,0.0,2.0,0.0,0.0,1.0,0.0,0.0,0.0,0.0,0.0,6.0,4.0,0.0
289,CCCC,1405,±1,1.19,±1,1.0,6.5,92.5,1.0,Ar,415,Speceis,CH,±5,431.0,15.3,Stanford,Autoignition_ n_Alkane / Horning_2001_thesis,2.0,2.0,,,,0.0,2.0,0.0,0.0,1.0,0.0,0.0,0.0,0.0,0.0,6.0,4.0,0.0
290,CCCC,1386,±3,1.49,,0.95,6.19,92.86,1.0,Ar,485,Speceis,CH,±2.36,430.0,11.5,Xi’an_Jiaotong,C1_C4_Alkanes,2.0,2.0,,,,0.0,2.0,0.0,0.0,1.0,0.0,0.0,0.0,0.0,0.0,6.0,4.0,0.0
291,CCCC,1454,±1,2.0,±1,1.0,6.5,92.5,1.0,Ar,170,Speceis,CH,±5,431.0,15.3,Stanford,Autoignition_ n_Alkane / Horning_2001_thesis,2.0,2.0,,,,0.0,2.0,0.0,0.0,1.0,0.0,0.0,0.0,0.0,0.0,6.0,4.0,0.0
292,CCCC,1332,±3,1.39,,0.95,6.19,92.86,1.0,Ar,797,Speceis,CH,±2.36,430.0,11.5,Xi’an_Jiaotong,C1_C4_Alkanes,2.0,2.0,,,,0.0,2.0,0.0,0.0,1.0,0.0,0.0,0.0,0.0,0.0,6.0,4.0,0.0
295,CCCC,1483,±1,1.32,±1,1.0,6.5,92.5,1.0,Ar,161,Speceis,CH,±5,431.0,15.3,Stanford,Autoignition_ n_Alkane / Horning_2001_thesis,2.0,2.0,,,,0.0,2.0,0.0,0.0,1.0,0.0,0.0,0.0,0.0,0.0,6.0,4.0,0.0
296,CCCC,1478,±1,1.2,±1,1.0,6.5,92.5,1.0,Ar,171,Speceis,CH,±5,431.0,15.3,Stanford,Autoignition_ n_Alkane / Horning_2001_thesis,2.0,2.0,,,,0.0,2.0,0.0,0.0,1.0,0.0,0.0,0.0,0.0,0.0,6.0,4.0,0.0
299,CCCC,1450,±3,1.24,,0.95,6.19,92.86,1.0,Ar,267,Speceis,CH,±2.36,430.0,11.5,Xi’an_Jiaotong,C1_C4_Alkanes,2.0,2.0,,,,0.0,2.0,0.0,0.0,1.0,0.0,0.0,0.0,0.0,0.0,6.0,4.0,0.0
300,CCCC,1561,±1,1.17,±1,0.5,3.25,96.25,1.0,Ar,131,Speceis,CH,±5,431.0,15.3,Stanford,Autoignition_ n_Alkane / Horning_2001_thesis,2.0,2.0,,,,0.0,2.0,0.0,0.0,1.0,0.0,0.0,0.0,0.0,0.0,6.0,4.0,0.0
301,CCCC,1405,±1,1.18,±1,1.0,6.5,92.5,1.0,Ar,420,Speceis,CH,±5,431.0,15.3,Stanford,Autoignition_ n_Alkane / Horning_2001_thesis,2.0,2.0,,,,0.0,2.0,0.0,0.0,1.0,0.0,0.0,0.0,0.0,0.0,6.0,4.0,0.0
304,CCCC,1433,±1,1.27,±1,0.5,3.25,96.25,1.0,Ar,475,Speceis,CH,±5,431.0,15.3,Stanford,Autoignition_ n_Alkane / Horning_2001_thesis,2.0,2.0,,,,0.0,2.0,0.0,0.0,1.0,0.0,0.0,0.0,0.0,0.0,6.0,4.0,0.0
305,CCCC,1511,±3,1.23,,0.95,6.19,92.86,1.0,Ar,155,Speceis,CH,±2.36,430.0,11.5,Xi’an_Jiaotong,C1_C4_Alkanes,2.0,2.0,,,,0.0,2.0,0.0,0.0,1.0,0.0,0.0,0.0,0.0,0.0,6.0,4.0,0.0
306,CCCC,1477,±3,5.32,,0.95,6.19,92.86,1.0,Ar,93,Speceis,CH,±2.36,430.0,11.5,Xi’an_Jiaotong,C1_C4_Alkanes,2.0,2.0,,,,0.0,2.0,0.0,0.0,1.0,0.0,0.0,0.0,0.0,0.0,6.0,4.0,0.0
309,CCCCCCCCC,1330,±0.7,1.91,±1,0.28600000000000003,4.0,95.714,1.0,Ar,780,Species,OH,±3,306.0,14.13,Stanford,Lam_2013_thesis / Normal_Alkanes_and_Simple_Oxygenates,2.0,7.0,,,,0.0,2.0,0.0,0.0,6.0,0.0,0.0,0.0,0.0,0.0,6.0,14.0,0.0
311,CCCCCCCCC,1350,±0.7,1.87,±1,0.14300000000000002,4.0,95.85700000000001,0.5,Ar,317,Species,OH,±3,306.0,14.13,Stanford,Lam_2013_thesis / Normal_Alkanes_and_Simple_Oxygenates,2.0,7.0,,,,0.0,2.0,0.0,0.0,6.0,0.0,0.0,0.0,0.0,0.0,6.0,14.0,0.0
313,CCCCCCCCC,1305,±0.7,1.92,±1,0.14300000000000002,4.0,95.85700000000001,0.5,Ar,536,Species,OH,±3,306.0,14.13,Stanford,Lam_2013_thesis / Normal_Alkanes_and_Simple_Oxygenates,2.0,7.0,,,,0.0,2.0,0.0,0.0,6.0,0.0,0.0,0.0,0.0,0.0,6.0,14.0,0.0
314,CCCCCCCCC,1348,±0.7,3.63,±1,0.28600000000000003,4.0,95.714,1.0,Ar,405,Species,OH,±3,306.0,14.13,Stanford,Lam_2013_thesis / Normal_Alkanes_and_Simple_Oxygenates,2.0,7.0,,,,0.0,2.0,0.0,0.0,6.0,0.0,0.0,0.0,0.0,0.0,6.0,14.0,0.0
315,CCCCCCCCC,1367,±0.7,1.86,±1,0.28600000000000003,4.0,95.714,1.0,Ar,499,Species,OH,±3,306.0,14.13,Stanford,Lam_2013_thesis / Normal_Alkanes_and_Simple_Oxygenates,2.0,7.0,,,,0.0,2.0,0.0,0.0,6.0,0.0,0.0,0.0,0.0,0.0,6.0,14.0,0.0
316,CCCCCCCCC,1299,±0.7,1.81,±1,0.14300000000000002,4.0,95.85700000000001,0.5,Ar,730,Species,OH,±3,306.0,14.13,Stanford,Lam_2013_thesis / Normal_Alkanes_and_Simple_Oxygenates,2.0,7.0,,,,0.0,2.0,0.0,0.0,6.0,0.0,0.0,0.0,0.0,0.0,6.0,14.0,0.0
318,CCCCCCCCC,1307,±0.7,1.85,±1,0.28600000000000003,4.0,95.714,1.0,Ar,1002,Species,OH,±3,306.0,14.13,Stanford,Lam_2013_thesis / Normal_Alkanes_and_Simple_Oxygenates,2.0,7.0,,,,0.0,2.0,0.0,0.0,6.0,0.0,0.0,0.0,0.0,0.0,6.0,14.0,0.0
319,CCCCCCCCC,1384,±0.7,1.8,±1,0.28600000000000003,4.0,95.714,1.0,Ar,382,Species,OH,±3,306.0,14.13,Stanford,Lam_2013_thesis / Normal_Alkanes_and_Simple_Oxygenates,2.0,7.0,,,,0.0,2.0,0.0,0.0,6.0,0.0,0.0,0.0,0.0,0.0,6.0,14.0,0.0
321,CCCCCCCCC,1372,±0.7,3.58,±1,0.28600000000000003,4.0,95.714,1.0,Ar,318,Species,OH,±3,306.0,14.13,Stanford,Lam_2013_thesis / Normal_Alkanes_and_Simple_Oxygenates,2.0,7.0,,,,0.0,2.0,0.0,0.0,6.0,0.0,0.0,0.0,0.0,0.0,6.0,14.0,0.0
322,CCCCCCCCC,1331,±0.7,1.75,±1,0.14300000000000002,4.0,95.85700000000001,0.5,Ar,421,Species,OH,±3,306.0,14.13,Stanford,Lam_2013_thesis / Normal_Alkanes_and_Simple_Oxygenates,2.0,7.0,,,,0.0,2.0,0.0,0.0,6.0,0.0,0.0,0.0,0.0,0.0,6.0,14.0,0.0
323,CCCCCC,1358,±0.7,1.76,±1,0.42,4.0,95.58,1.0,Ar,688,Species,OH,±3,306.0,14.13,Stanford,Lam_2013_thesis / Normal_Alkanes_and_Simple_Oxygenates,2.0,4.0,,,,0.0,2.0,0.0,0.0,3.0,0.0,0.0,0.0,0.0,0.0,6.0,8.0,0.0
324,CCCCCC,1274,±0.7,1.76,±1,0.21,4.0,95.79,0.5,Ar,1225,Species,OH,±3,306.0,14.13,Stanford,Lam_2013_thesis / Normal_Alkanes_and_Simple_Oxygenates,2.0,4.0,,,,0.0,2.0,0.0,0.0,3.0,0.0,0.0,0.0,0.0,0.0,6.0,8.0,0.0
325,CCCCCC,1470,±0.7,1.77,±1,0.42,4.0,95.58,1.0,Ar,176,Species,OH,±3,306.0,14.13,Stanford,Lam_2013_thesis / Normal_Alkanes_and_Simple_Oxygenates,2.0,4.0,,,,0.0,2.0,0.0,0.0,3.0,0.0,0.0,0.0,0.0,0.0,6.0,8.0,0.0
327,CCCCCC,1396,±0.7,3.6,±1,0.42,4.0,95.58,1.0,Ar,301,Species,OH,±3,306.0,14.13,Stanford,Lam_2013_thesis / Normal_Alkanes_and_Simple_Oxygenates,2.0,4.0,,,,0.0,2.0,0.0,0.0,3.0,0.0,0.0,0.0,0.0,0.0,6.0,8.0,0.0
329,CCCCCC,1353,±0.7,1.9,±1,0.42,4.0,95.58,1.0,Ar,623,Species,OH,±3,306.0,14.13,Stanford,Lam_2013_thesis / Normal_Alkanes_and_Simple_Oxygenates,2.0,4.0,,,,0.0,2.0,0.0,0.0,3.0,0.0,0.0,0.0,0.0,0.0,6.0,8.0,0.0
330,CCCCCC,1361,±0.7,1.89,±1,0.21,4.0,95.79,0.5,Ar,303,Species,OH,±3,306.0,14.13,Stanford,Lam_2013_thesis / Normal_Alkanes_and_Simple_Oxygenates,2.0,4.0,,,,0.0,2.0,0.0,0.0,3.0,0.0,0.0,0.0,0.0,0.0,6.0,8.0,0.0
331,CCCCCC,1375,±0.7,1.86,±1,0.42,4.0,95.58,1.0,Ar,483,Species,OH,±3,306.0,14.13,Stanford,Lam_2013_thesis / Normal_Alkanes_and_Simple_Oxygenates,2.0,4.0,,,,0.0,2.0,0.0,0.0,3.0,0.0,0.0,0.0,0.0,0.0,6.0,8.0,0.0
332,CCCCCC,1407,±0.7,3.43,±1,0.42,4.0,95.58,1.0,Ar,263,Species,OH,±3,306.0,14.13,Stanford,Lam_2013_thesis / Normal_Alkanes_and_Simple_Oxygenates,2.0,4.0,,,,0.0,2.0,0.0,0.0,3.0,0.0,0.0,0.0,0.0,0.0,6.0,8.0,0.0
334,CCCCCC,1386,±0.7,3.48,±1,0.42,4.0,95.58,1.0,Ar,291,Species,OH,±3,306.0,14.13,Stanford,Lam_2013_thesis / Normal_Alkanes_and_Simple_Oxygenates,2.0,4.0,,,,0.0,2.0,0.0,0.0,3.0,0.0,0.0,0.0,0.0,0.0,6.0,8.0,0.0
336,CCCCCCCC,1325,±0.7,1.95,±1,0.32,4.0,95.68,1.0,Ar,859,Species,OH,±3,306.0,14.13,Stanford,Lam_2013_thesis / Normal_Alkanes_and_Simple_Oxygenates,2.0,6.0,,,,0.0,2.0,0.0,0.0,5.0,0.0,0.0,0.0,0.0,0.0,6.0,12.0,0.0
337,CCCCCCCC,1455,±0.7,1.87,±1,0.32,4.0,95.68,1.0,Ar,166,Species,OH,±3,306.0,14.13,Stanford,Lam_2013_thesis / Normal_Alkanes_and_Simple_Oxygenates,2.0,6.0,,,,0.0,2.0,0.0,0.0,5.0,0.0,0.0,0.0,0.0,0.0,6.0,12.0,0.0
339,CCCCCCCC,1384,±0.7,3.63,±1,0.32,4.0,95.68,1.0,Ar,285,Species,OH,±3,306.0,14.13,Stanford,Lam_2013_thesis / Normal_Alkanes_and_Simple_Oxygenates,2.0,6.0,,,,0.0,2.0,0.0,0.0,5.0,0.0,0.0,0.0,0.0,0.0,6.0,12.0,0.0
341,CCCCCCCC,1252,±0.7,2.19,±1,0.16,4.0,95.84,0.5,Ar,1269,Species,OH,±3,306.0,14.13,Stanford,Lam_2013_thesis / Normal_Alkanes_and_Simple_Oxygenates,2.0,6.0,,,,0.0,2.0,0.0,0.0,5.0,0.0,0.0,0.0,0.0,0.0,6.0,12.0,0.0
343,CCCCCCCC,1273,±0.7,2.07,±1,0.16,4.0,95.84,0.5,Ar,988,Species,OH,±3,306.0,14.13,Stanford,Lam_2013_thesis / Normal_Alkanes_and_Simple_Oxygenates,2.0,6.0,,,,0.0,2.0,0.0,0.0,5.0,0.0,0.0,0.0,0.0,0.0,6.0,12.0,0.0
344,CCCCCCCC,1385,±0.7,1.96,±1,0.32,4.0,95.68,1.0,Ar,390,Species,OH,±3,306.0,14.13,Stanford,Lam_2013_thesis / Normal_Alkanes_and_Simple_Oxygenates,2.0,6.0,,,,0.0,2.0,0.0,0.0,5.0,0.0,0.0,0.0,0.0,0.0,6.0,12.0,0.0
347,CCCCCCCC,1307,±0.7,1.98,±1,0.16,4.0,95.84,0.5,Ar,663,Species,OH,±3,306.0,14.13,Stanford,Lam_2013_thesis / Normal_Alkanes_and_Simple_Oxygenates,2.0,6.0,,,,0.0,2.0,0.0,0.0,5.0,0.0,0.0,0.0,0.0,0.0,6.0,12.0,0.0
350,CCCCCCCC,1421,±0.7,3.59,±1,0.32,4.0,95.68,1.0,Ar,210,Species,OH,±3,306.0,14.13,Stanford,Lam_2013_thesis / Normal_Alkanes_and_Simple_Oxygenates,2.0,6.0,,,,0.0,2.0,0.0,0.0,5.0,0.0,0.0,0.0,0.0,0.0,6.0,12.0,0.0
352,CCCCCCCCCC,1445, ±1.5,1.24,,0.2,3.1,96.7,1.0,Ar,290,Species,CH,±5,431.0,15.3,Stanford,Horning_2001_thesis / Autoignition_ n_Alkane,2.0,8.0,,,,0.0,2.0,0.0,0.0,7.0,0.0,0.0,0.0,0.0,0.0,6.0,16.0,0.0
354,CCCCCCCCCC,1327, ±1.5,1.69,,0.0334,0.813,99.1536,0.64,Ar,1099,Species,CH,±5,431.0,8.9,Stanford,n_Alkane_Oxidation,2.0,8.0,,,,0.0,2.0,0.0,0.0,7.0,0.0,0.0,0.0,0.0,0.0,6.0,16.0,0.0
355,CCCCCCCCCC,1397, ±1.5,1.26,,0.2,3.1,96.7,1.0,Ar,480,Species,CH,±5,431.0,15.3,Stanford,Horning_2001_thesis / Autoignition_ n_Alkane,2.0,8.0,,,,0.0,2.0,0.0,0.0,7.0,0.0,0.0,0.0,0.0,0.0,6.0,16.0,0.0
361,CCCCCCCCCC,1456, ±1.5,1.24,,0.2,3.1,96.7,1.0,Ar,235,Species,CH,±5,431.0,15.3,Stanford,Horning_2001_thesis / Autoignition_ n_Alkane,2.0,8.0,,,,0.0,2.0,0.0,0.0,7.0,0.0,0.0,0.0,0.0,0.0,6.0,16.0,0.0
363,CCCCCCCCCC,1479, ±1.5,2.19,,0.03,0.465,99.505,1.0,Ar,375,Species,CH,±5,431.0,8.9,Stanford,n_Alkane_Oxidation,2.0,8.0,,,,0.0,2.0,0.0,0.0,7.0,0.0,0.0,0.0,0.0,0.0,6.0,16.0,0.0
367,CCCCCCCCCC,1404, ±1.5,2.2,,0.2,3.1,96.7,1.0,Ar,238,Species,CH,±5,431.0,8.9,Stanford,n_Alkane_Oxidation,2.0,8.0,,,,0.0,2.0,0.0,0.0,7.0,0.0,0.0,0.0,0.0,0.0,6.0,16.0,0.0
368,CCCCCCCCCC,1382, ±1.5,1.68,,0.0358,0.813,99.1512,0.68,Ar,621,Species,CH,±5,431.0,8.9,Stanford,n_Alkane_Oxidation,2.0,8.0,,,,0.0,2.0,0.0,0.0,7.0,0.0,0.0,0.0,0.0,0.0,6.0,16.0,0.0
370,CCCCCCCCCC,1357, ±1.5,2.28,,0.2,3.1,96.7,1.0,Ar,341,Species,CH,±5,431.0,8.9,Stanford,n_Alkane_Oxidation,2.0,8.0,,,,0.0,2.0,0.0,0.0,7.0,0.0,0.0,0.0,0.0,0.0,6.0,16.0,0.0
375,CCCCCCCCCCCCCCCC,1231,±2,1.86,,0.1254,4.0,95.8746,0.77,Ar,2137,Species,CH,±2,431.0,15.3,Stanford,n_hexadecane / hexadecane_diesel/Haylett_2011_thesis,2.0,14.0,,,,0.0,2.0,0.0,0.0,13.0,0.0,0.0,0.0,0.0,0.0,6.0,28.0,0.0
376,CCCCCCCCCCCCCCCC,1285,±2,1.89,,0.1582,4.0,95.8418,0.97,Ar,1386,Species,CH,±2,431.0,15.3,Stanford,n_hexadecane / hexadecane_diesel/Haylett_2011_thesis,2.0,14.0,,,,0.0,2.0,0.0,0.0,13.0,0.0,0.0,0.0,0.0,0.0,6.0,28.0,0.0
377,CCCCCCCCCCCCCCCC,1212,±2,1.91,,0.0909,4.0,95.9091,0.56,Ar,2270,Species,CH,±2,431.0,15.3,Stanford,n_hexadecane / hexadecane_diesel/Haylett_2011_thesis,2.0,14.0,,,,0.0,2.0,0.0,0.0,13.0,0.0,0.0,0.0,0.0,0.0,6.0,28.0,0.0
379,CCCCCCCCCCCCCCCC,1355,±2,4.19,,0.1023,4.0,95.8977,0.63,Ar,212,Species,CH,±2,431.0,15.3,Stanford,n_hexadecane / hexadecane_diesel/Haylett_2011_thesis,2.0,14.0,,,,0.0,2.0,0.0,0.0,13.0,0.0,0.0,0.0,0.0,0.0,6.0,28.0,0.0
381,CCCCCCCCCCCCCCCC,1159,±2,2.06,,0.092,4.0,95.90799999999999,0.56,Ar,3870,Species,CH,±2,431.0,15.3,Stanford,n_hexadecane / hexadecane_diesel/Haylett_2011_thesis,2.0,14.0,,,,0.0,2.0,0.0,0.0,13.0,0.0,0.0,0.0,0.0,0.0,6.0,28.0,0.0
386,CCCCCCCCCCCCCCCC,1353,±2,1.71,,0.1565,4.0,95.8435,0.96,Ar,708,Species,CH,±2,431.0,15.3,Stanford,n_hexadecane / hexadecane_diesel/Haylett_2011_thesis,2.0,14.0,,,,0.0,2.0,0.0,0.0,13.0,0.0,0.0,0.0,0.0,0.0,6.0,28.0,0.0
388,CCCCCCCCCCCCCCCC,1327,±2,6.46,,0.1832,4.0,95.8168,1.12,Ar,360,Species,CH,±2,431.0,15.3,Stanford,n_hexadecane / hexadecane_diesel/Haylett_2011_thesis,2.0,14.0,,,,0.0,2.0,0.0,0.0,13.0,0.0,0.0,0.0,0.0,0.0,6.0,28.0,0.0
